Language,original,english,czech,german,russian,polish,hungarian,italian,spanish,french,chinese,japanese,portuguese,chinesesimp,
STR_KF_C001,"Instant noodles softened in hot water. Packet noodles are ready after 60 s, cup noodles after 45 s; carry chopsticks to eat them.","Instant noodles softened in hot water. Packet noodles are ready after 60 s, cup noodles after 45 s; carry chopsticks to eat them.","Instant noodles softened in hot water. Packet noodles are ready after 60 s, cup noodles after 45 s; carry chopsticks to eat them.","Instantnudeln, in heißem Wasser eingeweicht. Tütennudeln sind nach 60 s fertig, Becher-Nudeln nach 45 s; zum Essen werden Essstäbchen benötigt.","Лапша, размягчённая в горячей воде. Пакет готов через 60 s, стакан — через 45 s. Для еды нужны палочки.","Makaron instant zmiękczony w gorącej wodzie. Makaron z torebki jest gotowy po 60 s, z kubka po 45 s; aby go zjeść, miej przy sobie pałeczki.","Instant noodles softened in hot water. Packet noodles are ready after 60 s, cup noodles after 45 s; carry chopsticks to eat them.","Instant noodles softened in hot water. Packet noodles are ready after 60 s, cup noodles after 45 s; carry chopsticks to eat them.","Instant noodles softened in hot water. Packet noodles are ready after 60 s, cup noodles after 45 s; carry chopsticks to eat them.","Instant noodles softened in hot water. Packet noodles are ready after 60 s, cup noodles after 45 s; carry chopsticks to eat them.",以熱水泡軟的泡麵。袋裝麵60秒、杯麵45秒後即可食用，需攜帶筷子。,お湯で戻したインスタント麺。袋麺は60秒、カップ麺は45秒で完成し、箸を持っていれば食べられます。,Macarrão instantâneo amolecido em água quente. O de pacote fica pronto após 60 s e o de copo após 45 s; carregue hashis para comer.,用热水泡软的方便面。袋装面60秒、杯面45秒后即可食用，需携带筷子。,
STR_KF_C001_KO,"뜨거운 물을 부어 불린 라면. 봉지형은 60초, 컵형은 45초 뒤 젓가락을 소지하고 먹을 수 있습니다.","뜨거운 물을 부어 불린 라면. 봉지형은 60초, 컵형은 45초 뒤 젓가락을 소지하고 먹을 수 있습니다.","뜨거운 물을 부어 불린 라면. 봉지형은 60초, 컵형은 45초 뒤 젓가락을 소지하고 먹을 수 있습니다.","뜨거운 물을 부어 불린 라면. 봉지형은 60초, 컵형은 45초 뒤 젓가락을 소지하고 먹을 수 있습니다.","뜨거운 물을 부어 불린 라면. 봉지형은 60초, 컵형은 45초 뒤 젓가락을 소지하고 먹을 수 있습니다.","뜨거운 물을 부어 불린 라면. 봉지형은 60초, 컵형은 45초 뒤 젓가락을 소지하고 먹을 수 있습니다.","뜨거운 물을 부어 불린 라면. 봉지형은 60초, 컵형은 45초 뒤 젓가락을 소지하고 먹을 수 있습니다.","뜨거운 물을 부어 불린 라면. 봉지형은 60초, 컵형은 45초 뒤 젓가락을 소지하고 먹을 수 있습니다.","뜨거운 물을 부어 불린 라면. 봉지형은 60초, 컵형은 45초 뒤 젓가락을 소지하고 먹을 수 있습니다.","뜨거운 물을 부어 불린 라면. 봉지형은 60초, 컵형은 45초 뒤 젓가락을 소지하고 먹을 수 있습니다.","뜨거운 물을 부어 불린 라면. 봉지형은 60초, 컵형은 45초 뒤 젓가락을 소지하고 먹을 수 있습니다.","뜨거운 물을 부어 불린 라면. 봉지형은 60초, 컵형은 45초 뒤 젓가락을 소지하고 먹을 수 있습니다.","뜨거운 물을 부어 불린 라면. 봉지형은 60초, 컵형은 45초 뒤 젓가락을 소지하고 먹을 수 있습니다.","뜨거운 물을 부어 불린 라면. 봉지형은 60초, 컵형은 45초 뒤 젓가락을 소지하고 먹을 수 있습니다.",
STR_KF_C002,Shin Ramyun (dry),Shin Ramyun (dry),Shin Ramyun (dry),Shin Ramyun (trocken),Шин Рамён (сухая лапша),Shin Ramyun (suchy),Shin Ramyun (dry),Shin Ramyun (dry),Shin Ramyun (dry),Shin Ramyun (dry),辛拉麵 （生麵）,辛ラーメン （調理前）,Shin Ramyun (seco),辛拉面 （生面）,
STR_KF_C002_KO,신라면 (생라면),신라면 (생라면),신라면 (생라면),신라면 (생라면),신라면 (생라면),신라면 (생라면),신라면 (생라면),신라면 (생라면),신라면 (생라면),신라면 (생라면),신라면 (생라면),신라면 (생라면),신라면 (생라면),신라면 (생라면),
STR_KF_C003,"Can be crushed and eaten dry without chopsticks. A partly eaten packet can no longer be cooked. Combine with 500 mL of water at 80°C or hotter in a pot, canteen or plastic bottle. You can also fill it while facing a pot on a tripod.","Can be crushed and eaten dry without chopsticks. A partly eaten packet can no longer be cooked. Combine with 500 mL of water at 80°C or hotter in a pot, canteen or plastic bottle. You can also fill it while facing a pot on a tripod.","Can be crushed and eaten dry without chopsticks. A partly eaten packet can no longer be cooked. Combine with 500 mL of water at 80°C or hotter in a pot, canteen or plastic bottle. You can also fill it while facing a pot on a tripod.","Zerbröselt trocken essbar oder mit 500 mL Wasser ab 80°C kombinieren (Topf, Feldflasche, Flasche). Angebrochene Packungen sind nicht mehr kochbar.","Можно есть сухой, раскрошив. Или залейте 500 mL воды от 80°C (котелок, фляга, бутылка). Начатую пачку заварить нельзя.","Zjedz pokruszone na sucho lub połącz z 500 mL wody o temp. min. 80°C (garnek, manierka, butelka). Nadjedzonej paczki nie da się ugotować.","Can be crushed and eaten dry without chopsticks. A partly eaten packet can no longer be cooked. Combine with 500 mL of water at 80°C or hotter in a pot, canteen or plastic bottle. You can also fill it while facing a pot on a tripod.","Can be crushed and eaten dry without chopsticks. A partly eaten packet can no longer be cooked. Combine with 500 mL of water at 80°C or hotter in a pot, canteen or plastic bottle. You can also fill it while facing a pot on a tripod.","Can be crushed and eaten dry without chopsticks. A partly eaten packet can no longer be cooked. Combine with 500 mL of water at 80°C or hotter in a pot, canteen or plastic bottle. You can also fill it while facing a pot on a tripod.","Can be crushed and eaten dry without chopsticks. A partly eaten packet can no longer be cooked. Combine with 500 mL of water at 80°C or hotter in a pot, canteen or plastic bottle. You can also fill it while facing a pot on a tripod.",不用筷子也能捏碎直接吃。吃過一部分的麵無法再加水烹煮。請與鍋·軍用水壺·寶特瓶中80°C以上的水500mL組合。也可面對三腳架上的鍋子接水。,砕いてそのまま食べるか、80°C以上の水500mL（鍋·水筒·ボトル）と組み合わせます。一部食べた袋は調理できません。,"Coma esmigalhado e seco ou combine com 500 mL de água a 80°C ou mais (panela, cantil ou garrafa). Pacote já comido em parte não pode ser cozido.",无需筷子也能捏碎直接吃。吃过一部分的面无法再加水烹煮。请与锅·军用水壶·塑料瓶中80°C以上的水500mL组合。也可面对三脚架上的锅接水。,
STR_KF_C003_KO,젓가락 없이 부숴 먹을 수 있습니다. 일부 먹은 봉지는 물 조리가 불가합니다. 냄비·군용 수통·페트병의 80°C 이상 물 500mL와 조합하세요. 삼각대 냄비를 바라보고 물을 받을 수도 있습니다.,젓가락 없이 부숴 먹을 수 있습니다. 일부 먹은 봉지는 물 조리가 불가합니다. 냄비·군용 수통·페트병의 80°C 이상 물 500mL와 조합하세요. 삼각대 냄비를 바라보고 물을 받을 수도 있습니다.,젓가락 없이 부숴 먹을 수 있습니다. 일부 먹은 봉지는 물 조리가 불가합니다. 냄비·군용 수통·페트병의 80°C 이상 물 500mL와 조합하세요. 삼각대 냄비를 바라보고 물을 받을 수도 있습니다.,젓가락 없이 부숴 먹을 수 있습니다. 일부 먹은 봉지는 물 조리가 불가합니다. 냄비·군용 수통·페트병의 80°C 이상 물 500mL와 조합하세요. 삼각대 냄비를 바라보고 물을 받을 수도 있습니다.,젓가락 없이 부숴 먹을 수 있습니다. 일부 먹은 봉지는 물 조리가 불가합니다. 냄비·군용 수통·페트병의 80°C 이상 물 500mL와 조합하세요. 삼각대 냄비를 바라보고 물을 받을 수도 있습니다.,젓가락 없이 부숴 먹을 수 있습니다. 일부 먹은 봉지는 물 조리가 불가합니다. 냄비·군용 수통·페트병의 80°C 이상 물 500mL와 조합하세요. 삼각대 냄비를 바라보고 물을 받을 수도 있습니다.,젓가락 없이 부숴 먹을 수 있습니다. 일부 먹은 봉지는 물 조리가 불가합니다. 냄비·군용 수통·페트병의 80°C 이상 물 500mL와 조합하세요. 삼각대 냄비를 바라보고 물을 받을 수도 있습니다.,젓가락 없이 부숴 먹을 수 있습니다. 일부 먹은 봉지는 물 조리가 불가합니다. 냄비·군용 수통·페트병의 80°C 이상 물 500mL와 조합하세요. 삼각대 냄비를 바라보고 물을 받을 수도 있습니다.,젓가락 없이 부숴 먹을 수 있습니다. 일부 먹은 봉지는 물 조리가 불가합니다. 냄비·군용 수통·페트병의 80°C 이상 물 500mL와 조합하세요. 삼각대 냄비를 바라보고 물을 받을 수도 있습니다.,젓가락 없이 부숴 먹을 수 있습니다. 일부 먹은 봉지는 물 조리가 불가합니다. 냄비·군용 수통·페트병의 80°C 이상 물 500mL와 조합하세요. 삼각대 냄비를 바라보고 물을 받을 수도 있습니다.,젓가락 없이 부숴 먹을 수 있습니다. 일부 먹은 봉지는 물 조리가 불가합니다. 냄비·군용 수통·페트병의 80°C 이상 물 500mL와 조합하세요. 삼각대 냄비를 바라보고 물을 받을 수도 있습니다.,젓가락 없이 부숴 먹을 수 있습니다. 일부 먹은 봉지는 물 조리가 불가합니다. 냄비·군용 수통·페트병의 80°C 이상 물 500mL와 조합하세요. 삼각대 냄비를 바라보고 물을 받을 수도 있습니다.,젓가락 없이 부숴 먹을 수 있습니다. 일부 먹은 봉지는 물 조리가 불가합니다. 냄비·군용 수통·페트병의 80°C 이상 물 500mL와 조합하세요. 삼각대 냄비를 바라보고 물을 받을 수도 있습니다.,젓가락 없이 부숴 먹을 수 있습니다. 일부 먹은 봉지는 물 조리가 불가합니다. 냄비·군용 수통·페트병의 80°C 이상 물 500mL와 조합하세요. 삼각대 냄비를 바라보고 물을 받을 수도 있습니다.,
STR_KF_C004,Shin Ramyun Ppogeuli,Shin Ramyun Ppogeuli,Shin Ramyun Ppogeuli,Shin Ramyun Ppogeuli,Шин Рамён погыри,Shin Ramyun Ppogeuli,Shin Ramyun Ppogeuli,Shin Ramyun Ppogeuli,Shin Ramyun Ppogeuli,Shin Ramyun Ppogeuli,辛拉麵 袋泡,辛ラーメン 袋ごと調理,Shin Ramyun Ppogeuli,辛拉面 袋泡,
STR_KF_C004_KO,신라면 뽀글이,신라면 뽀글이,신라면 뽀글이,신라면 뽀글이,신라면 뽀글이,신라면 뽀글이,신라면 뽀글이,신라면 뽀글이,신라면 뽀글이,신라면 뽀글이,신라면 뽀글이,신라면 뽀글이,신라면 뽀글이,신라면 뽀글이,
STR_KF_C005,Jin Ramen Spicy (dry),Jin Ramen Spicy (dry),Jin Ramen Spicy (dry),Jin Ramen Scharf (trocken),Джин Рамен острый (сухая лапша),Jin Ramen ostry (suchy),Jin Ramen Spicy (dry),Jin Ramen Spicy (dry),Jin Ramen Spicy (dry),Jin Ramen Spicy (dry),金拉麵 辣味 （生麵）,ジンラーメン 辛口 （調理前）,Jin Ramen Picante (seco),金拉面 辣味 （生面）,
STR_KF_C005_KO,진라면 매운맛 (생라면),진라면 매운맛 (생라면),진라면 매운맛 (생라면),진라면 매운맛 (생라면),진라면 매운맛 (생라면),진라면 매운맛 (생라면),진라면 매운맛 (생라면),진라면 매운맛 (생라면),진라면 매운맛 (생라면),진라면 매운맛 (생라면),진라면 매운맛 (생라면),진라면 매운맛 (생라면),진라면 매운맛 (생라면),진라면 매운맛 (생라면),
STR_KF_C006,Jin Ramen Spicy Ppogeuli,Jin Ramen Spicy Ppogeuli,Jin Ramen Spicy Ppogeuli,Jin Ramen Scharf Ppogeuli,Джин Рамен острый погыри,Jin Ramen ostry Ppogeuli,Jin Ramen Spicy Ppogeuli,Jin Ramen Spicy Ppogeuli,Jin Ramen Spicy Ppogeuli,Jin Ramen Spicy Ppogeuli,金拉麵 辣味 袋泡,ジンラーメン 辛口 袋ごと調理,Jin Ramen Picante Ppogeuli,金拉面 辣味 袋泡,
STR_KF_C006_KO,진라면 매운맛 뽀글이,진라면 매운맛 뽀글이,진라면 매운맛 뽀글이,진라면 매운맛 뽀글이,진라면 매운맛 뽀글이,진라면 매운맛 뽀글이,진라면 매운맛 뽀글이,진라면 매운맛 뽀글이,진라면 매운맛 뽀글이,진라면 매운맛 뽀글이,진라면 매운맛 뽀글이,진라면 매운맛 뽀글이,진라면 매운맛 뽀글이,진라면 매운맛 뽀글이,
STR_KF_C007,Jin Ramen Mild (dry),Jin Ramen Mild (dry),Jin Ramen Mild (dry),Jin Ramen Mild (trocken),Джин Рамен мягкий (сухая лапша),Jin Ramen łagodny (suchy),Jin Ramen Mild (dry),Jin Ramen Mild (dry),Jin Ramen Mild (dry),Jin Ramen Mild (dry),金拉麵 溫和味 （生麵）,ジンラーメン マイルド （調理前）,Jin Ramen Suave (seco),金拉面 温和味 （生面）,
STR_KF_C007_KO,진라면 순한맛 (생라면),진라면 순한맛 (생라면),진라면 순한맛 (생라면),진라면 순한맛 (생라면),진라면 순한맛 (생라면),진라면 순한맛 (생라면),진라면 순한맛 (생라면),진라면 순한맛 (생라면),진라면 순한맛 (생라면),진라면 순한맛 (생라면),진라면 순한맛 (생라면),진라면 순한맛 (생라면),진라면 순한맛 (생라면),진라면 순한맛 (생라면),
STR_KF_C008,Jin Ramen Mild Ppogeuli,Jin Ramen Mild Ppogeuli,Jin Ramen Mild Ppogeuli,Jin Ramen Mild Ppogeuli,Джин Рамен мягкий погыри,Jin Ramen łagodny Ppogeuli,Jin Ramen Mild Ppogeuli,Jin Ramen Mild Ppogeuli,Jin Ramen Mild Ppogeuli,Jin Ramen Mild Ppogeuli,金拉麵 溫和味 袋泡,ジンラーメン マイルド 袋ごと調理,Jin Ramen Suave Ppogeuli,金拉面 温和味 袋泡,
STR_KF_C008_KO,진라면 순한맛 뽀글이,진라면 순한맛 뽀글이,진라면 순한맛 뽀글이,진라면 순한맛 뽀글이,진라면 순한맛 뽀글이,진라면 순한맛 뽀글이,진라면 순한맛 뽀글이,진라면 순한맛 뽀글이,진라면 순한맛 뽀글이,진라면 순한맛 뽀글이,진라면 순한맛 뽀글이,진라면 순한맛 뽀글이,진라면 순한맛 뽀글이,진라면 순한맛 뽀글이,
STR_KF_C009,Ansungtangmyun (dry),Ansungtangmyun (dry),Ansungtangmyun (dry),Ansungtangmyun (trocken),Ансонтанмён (сухая лапша),Ansungtangmyun (suchy),Ansungtangmyun (dry),Ansungtangmyun (dry),Ansungtangmyun (dry),Ansungtangmyun (dry),安城湯麵 （生麵）,安城湯麺 （調理前）,Ansungtangmyun (seco),安城汤面 （生面）,
STR_KF_C009_KO,안성탕면 (생라면),안성탕면 (생라면),안성탕면 (생라면),안성탕면 (생라면),안성탕면 (생라면),안성탕면 (생라면),안성탕면 (생라면),안성탕면 (생라면),안성탕면 (생라면),안성탕면 (생라면),안성탕면 (생라면),안성탕면 (생라면),안성탕면 (생라면),안성탕면 (생라면),
STR_KF_C010,Ansungtangmyun Ppogeuli,Ansungtangmyun Ppogeuli,Ansungtangmyun Ppogeuli,Ansungtangmyun Ppogeuli,Ансонтанмён погыри,Ansungtangmyun Ppogeuli,Ansungtangmyun Ppogeuli,Ansungtangmyun Ppogeuli,Ansungtangmyun Ppogeuli,Ansungtangmyun Ppogeuli,安城湯麵 袋泡,安城湯麺 袋ごと調理,Ansungtangmyun Ppogeuli,安城汤面 袋泡,
STR_KF_C010_KO,안성탕면 뽀글이,안성탕면 뽀글이,안성탕면 뽀글이,안성탕면 뽀글이,안성탕면 뽀글이,안성탕면 뽀글이,안성탕면 뽀글이,안성탕면 뽀글이,안성탕면 뽀글이,안성탕면 뽀글이,안성탕면 뽀글이,안성탕면 뽀글이,안성탕면 뽀글이,안성탕면 뽀글이,
STR_KF_C011,Chapagetti (dry),Chapagetti (dry),Chapagetti (dry),Chapagetti (trocken),Чапагетти (сухая лапша),Chapagetti (suchy),Chapagetti (dry),Chapagetti (dry),Chapagetti (dry),Chapagetti (dry),Chapagetti 炸醬麵 （生麵）,チャパゲティ （調理前）,Chapagetti (seco),Chapagetti 炸酱面 （生面）,
STR_KF_C011_KO,짜파게티 (생라면),짜파게티 (생라면),짜파게티 (생라면),짜파게티 (생라면),짜파게티 (생라면),짜파게티 (생라면),짜파게티 (생라면),짜파게티 (생라면),짜파게티 (생라면),짜파게티 (생라면),짜파게티 (생라면),짜파게티 (생라면),짜파게티 (생라면),짜파게티 (생라면),
STR_KF_C012,Chapagetti Ppogeuli,Chapagetti Ppogeuli,Chapagetti Ppogeuli,Chapagetti Ppogeuli,Чапагетти погыри,Chapagetti Ppogeuli,Chapagetti Ppogeuli,Chapagetti Ppogeuli,Chapagetti Ppogeuli,Chapagetti Ppogeuli,Chapagetti 炸醬麵 袋泡,チャパゲティ 袋ごと調理,Chapagetti Ppogeuli,Chapagetti 炸酱面 袋泡,
STR_KF_C012_KO,짜파게티 뽀글이,짜파게티 뽀글이,짜파게티 뽀글이,짜파게티 뽀글이,짜파게티 뽀글이,짜파게티 뽀글이,짜파게티 뽀글이,짜파게티 뽀글이,짜파게티 뽀글이,짜파게티 뽀글이,짜파게티 뽀글이,짜파게티 뽀글이,짜파게티 뽀글이,짜파게티 뽀글이,
STR_KF_C013,Shin Ramyun Cup (uncooked),Shin Ramyun Cup (uncooked),Shin Ramyun Cup (uncooked),Shin Ramyun Cup (ungekocht),Шин Рамён в стакане (не заварено),Shin Ramyun w kubku (niezaparzone),Shin Ramyun Cup (uncooked),Shin Ramyun Cup (uncooked),Shin Ramyun Cup (uncooked),Shin Ramyun Cup (uncooked),辛拉麵 杯麵 （未調理）,辛ラーメン カップ （未調理）,Copo de Shin Ramyun (não preparado),辛拉面 杯面 （未调理）,
STR_KF_C013_KO,신라면 컵 (미조리),신라면 컵 (미조리),신라면 컵 (미조리),신라면 컵 (미조리),신라면 컵 (미조리),신라면 컵 (미조리),신라면 컵 (미조리),신라면 컵 (미조리),신라면 컵 (미조리),신라면 컵 (미조리),신라면 컵 (미조리),신라면 컵 (미조리),신라면 컵 (미조리),신라면 컵 (미조리),
STR_KF_C014,"Combine with 300 mL of water at 80°C or hotter in a pot, canteen or plastic bottle. You can also fill it while facing a pot on a tripod.","Combine with 300 mL of water at 80°C or hotter in a pot, canteen or plastic bottle. You can also fill it while facing a pot on a tripod.","Combine with 300 mL of water at 80°C or hotter in a pot, canteen or plastic bottle. You can also fill it while facing a pot on a tripod.","Mit 300 mL Wasser von mindestens 80°C in einem Topf, einer Feldflasche oder einer Plastikflasche kombinieren. Kann auch befüllt werden, während man auf einen Topf auf einem Dreibein blickt.","Залейте 300 mL воды от 80°C (котелок, фляга или бутылка). Воду можно набрать у котелка на треноге.","Połącz z 300 mL wody o temperaturze co najmniej 80°C w garnku, manierce lub plastikowej butelce. Możesz też nabrać wodę, patrząc na garnek na trójnogu.","Combine with 300 mL of water at 80°C or hotter in a pot, canteen or plastic bottle. You can also fill it while facing a pot on a tripod.","Combine with 300 mL of water at 80°C or hotter in a pot, canteen or plastic bottle. You can also fill it while facing a pot on a tripod.","Combine with 300 mL of water at 80°C or hotter in a pot, canteen or plastic bottle. You can also fill it while facing a pot on a tripod.","Combine with 300 mL of water at 80°C or hotter in a pot, canteen or plastic bottle. You can also fill it while facing a pot on a tripod.",請與鍋·軍用水壺·寶特瓶中80°C以上的水300mL組合。也可面對三腳架上的鍋子接水。,鍋·軍用水筒·ペットボトルの80°C以上の水300mLと組み合わせてください。三脚の鍋に向かってお湯を入れることもできます。,"Combine com 300 mL de água a 80°C ou mais em uma panela, cantil ou garrafa plástica. Também é possível enchê-lo olhando para uma panela sobre um tripé.",请与锅·军用水壶·塑料瓶中80°C以上的水300mL组合。也可面对三脚架上的锅接水。,
STR_KF_C014_KO,냄비·군용 수통·페트병의 80°C 이상 물 300mL와 조합하세요. 삼각대 냄비를 바라보고 물을 받을 수도 있습니다.,냄비·군용 수통·페트병의 80°C 이상 물 300mL와 조합하세요. 삼각대 냄비를 바라보고 물을 받을 수도 있습니다.,냄비·군용 수통·페트병의 80°C 이상 물 300mL와 조합하세요. 삼각대 냄비를 바라보고 물을 받을 수도 있습니다.,냄비·군용 수통·페트병의 80°C 이상 물 300mL와 조합하세요. 삼각대 냄비를 바라보고 물을 받을 수도 있습니다.,냄비·군용 수통·페트병의 80°C 이상 물 300mL와 조합하세요. 삼각대 냄비를 바라보고 물을 받을 수도 있습니다.,냄비·군용 수통·페트병의 80°C 이상 물 300mL와 조합하세요. 삼각대 냄비를 바라보고 물을 받을 수도 있습니다.,냄비·군용 수통·페트병의 80°C 이상 물 300mL와 조합하세요. 삼각대 냄비를 바라보고 물을 받을 수도 있습니다.,냄비·군용 수통·페트병의 80°C 이상 물 300mL와 조합하세요. 삼각대 냄비를 바라보고 물을 받을 수도 있습니다.,냄비·군용 수통·페트병의 80°C 이상 물 300mL와 조합하세요. 삼각대 냄비를 바라보고 물을 받을 수도 있습니다.,냄비·군용 수통·페트병의 80°C 이상 물 300mL와 조합하세요. 삼각대 냄비를 바라보고 물을 받을 수도 있습니다.,냄비·군용 수통·페트병의 80°C 이상 물 300mL와 조합하세요. 삼각대 냄비를 바라보고 물을 받을 수도 있습니다.,냄비·군용 수통·페트병의 80°C 이상 물 300mL와 조합하세요. 삼각대 냄비를 바라보고 물을 받을 수도 있습니다.,냄비·군용 수통·페트병의 80°C 이상 물 300mL와 조합하세요. 삼각대 냄비를 바라보고 물을 받을 수도 있습니다.,냄비·군용 수통·페트병의 80°C 이상 물 300mL와 조합하세요. 삼각대 냄비를 바라보고 물을 받을 수도 있습니다.,
STR_KF_C015,Shin Ramyun Cup,Shin Ramyun Cup,Shin Ramyun Cup,Shin Ramyun Cup,Шин Рамён в стакане,Shin Ramyun w kubku,Shin Ramyun Cup,Shin Ramyun Cup,Shin Ramyun Cup,Shin Ramyun Cup,辛拉麵 杯麵,辛ラーメン カップ,Copo de Shin Ramyun,辛拉面 杯面,
STR_KF_C015_KO,신라면 컵,신라면 컵,신라면 컵,신라면 컵,신라면 컵,신라면 컵,신라면 컵,신라면 컵,신라면 컵,신라면 컵,신라면 컵,신라면 컵,신라면 컵,신라면 컵,
STR_KF_C016,Jin Ramen Spicy Cup (uncooked),Jin Ramen Spicy Cup (uncooked),Jin Ramen Spicy Cup (uncooked),Jin Ramen Scharf Cup (ungekocht),Джин Рамен острый в стакане (не заварено),Jin Ramen ostry w kubku (niezaparzone),Jin Ramen Spicy Cup (uncooked),Jin Ramen Spicy Cup (uncooked),Jin Ramen Spicy Cup (uncooked),Jin Ramen Spicy Cup (uncooked),金拉麵 辣味 杯麵 （未調理）,ジンラーメン 辛口 カップ （未調理）,Copo de Jin Ramen Picante (não preparado),金拉面 辣味 杯面 （未调理）,
STR_KF_C016_KO,진라면 매운맛 컵 (미조리),진라면 매운맛 컵 (미조리),진라면 매운맛 컵 (미조리),진라면 매운맛 컵 (미조리),진라면 매운맛 컵 (미조리),진라면 매운맛 컵 (미조리),진라면 매운맛 컵 (미조리),진라면 매운맛 컵 (미조리),진라면 매운맛 컵 (미조리),진라면 매운맛 컵 (미조리),진라면 매운맛 컵 (미조리),진라면 매운맛 컵 (미조리),진라면 매운맛 컵 (미조리),진라면 매운맛 컵 (미조리),
STR_KF_C017,Jin Ramen Spicy Cup,Jin Ramen Spicy Cup,Jin Ramen Spicy Cup,Jin Ramen Scharf Cup,Джин Рамен острый в стакане,Jin Ramen ostry w kubku,Jin Ramen Spicy Cup,Jin Ramen Spicy Cup,Jin Ramen Spicy Cup,Jin Ramen Spicy Cup,金拉麵 辣味 杯麵,ジンラーメン 辛口 カップ,Copo de Jin Ramen Picante,金拉面 辣味 杯面,
STR_KF_C017_KO,진라면 매운맛 컵,진라면 매운맛 컵,진라면 매운맛 컵,진라면 매운맛 컵,진라면 매운맛 컵,진라면 매운맛 컵,진라면 매운맛 컵,진라면 매운맛 컵,진라면 매운맛 컵,진라면 매운맛 컵,진라면 매운맛 컵,진라면 매운맛 컵,진라면 매운맛 컵,진라면 매운맛 컵,
STR_KF_C018,Jin Ramen Mild Cup (uncooked),Jin Ramen Mild Cup (uncooked),Jin Ramen Mild Cup (uncooked),Jin Ramen Mild Cup (ungekocht),Джин Рамен мягкий в стакане (не заварено),Jin Ramen łagodny w kubku (niezaparzone),Jin Ramen Mild Cup (uncooked),Jin Ramen Mild Cup (uncooked),Jin Ramen Mild Cup (uncooked),Jin Ramen Mild Cup (uncooked),金拉麵 溫和味 杯麵 （未調理）,ジンラーメン マイルド カップ （未調理）,Copo de Jin Ramen Suave (não preparado),金拉面 温和味 杯面 （未调理）,
STR_KF_C018_KO,진라면 순한맛 컵 (미조리),진라면 순한맛 컵 (미조리),진라면 순한맛 컵 (미조리),진라면 순한맛 컵 (미조리),진라면 순한맛 컵 (미조리),진라면 순한맛 컵 (미조리),진라면 순한맛 컵 (미조리),진라면 순한맛 컵 (미조리),진라면 순한맛 컵 (미조리),진라면 순한맛 컵 (미조리),진라면 순한맛 컵 (미조리),진라면 순한맛 컵 (미조리),진라면 순한맛 컵 (미조리),진라면 순한맛 컵 (미조리),
STR_KF_C019,Jin Ramen Mild Cup,Jin Ramen Mild Cup,Jin Ramen Mild Cup,Jin Ramen Mild Cup,Джин Рамен мягкий в стакане,Jin Ramen łagodny w kubku,Jin Ramen Mild Cup,Jin Ramen Mild Cup,Jin Ramen Mild Cup,Jin Ramen Mild Cup,金拉麵 溫和味 杯麵,ジンラーメン マイルド カップ,Copo de Jin Ramen Suave,金拉面 温和味 杯面,
STR_KF_C019_KO,진라면 순한맛 컵,진라면 순한맛 컵,진라면 순한맛 컵,진라면 순한맛 컵,진라면 순한맛 컵,진라면 순한맛 컵,진라면 순한맛 컵,진라면 순한맛 컵,진라면 순한맛 컵,진라면 순한맛 컵,진라면 순한맛 컵,진라면 순한맛 컵,진라면 순한맛 컵,진라면 순한맛 컵,
STR_KF_C020,Saeutang Shrimp Cup (uncooked),Saeutang Shrimp Cup (uncooked),Saeutang Shrimp Cup (uncooked),Saeutang Garnelen-Cup (ungekocht),Саутан с креветками в стакане (не заварено),Saeutang krewetkowy w kubku (niezaparzone),Saeutang Shrimp Cup (uncooked),Saeutang Shrimp Cup (uncooked),Saeutang Shrimp Cup (uncooked),Saeutang Shrimp Cup (uncooked),鮮蝦湯麵 杯麵 （未調理）,セウタン えびカップ （未調理）,Copo de Saeutang de Camarão (não preparado),鲜虾汤面 杯面 （未调理）,
STR_KF_C020_KO,새우탕 컵 (미조리),새우탕 컵 (미조리),새우탕 컵 (미조리),새우탕 컵 (미조리),새우탕 컵 (미조리),새우탕 컵 (미조리),새우탕 컵 (미조리),새우탕 컵 (미조리),새우탕 컵 (미조리),새우탕 컵 (미조리),새우탕 컵 (미조리),새우탕 컵 (미조리),새우탕 컵 (미조리),새우탕 컵 (미조리),
STR_KF_C021,Saeutang Shrimp Cup,Saeutang Shrimp Cup,Saeutang Shrimp Cup,Saeutang Garnelen-Cup,Саутан с креветками в стакане,Saeutang krewetkowy w kubku,Saeutang Shrimp Cup,Saeutang Shrimp Cup,Saeutang Shrimp Cup,Saeutang Shrimp Cup,鮮蝦湯麵 杯麵,セウタン えびカップ,Copo de Saeutang de Camarão,鲜虾汤面 杯面,
STR_KF_C021_KO,새우탕 컵,새우탕 컵,새우탕 컵,새우탕 컵,새우탕 컵,새우탕 컵,새우탕 컵,새우탕 컵,새우탕 컵,새우탕 컵,새우탕 컵,새우탕 컵,새우탕 컵,새우탕 컵,
STR_KF_C022,Wooden Chopsticks,Wooden Chopsticks,Wooden Chopsticks,Holz-Essstäbchen,Деревянные палочки,Drewniane pałeczki,Wooden Chopsticks,Wooden Chopsticks,Wooden Chopsticks,Wooden Chopsticks,木筷,木の箸,Hashis de Madeira,木筷,
STR_KF_C022_KO,나무젓가락,나무젓가락,나무젓가락,나무젓가락,나무젓가락,나무젓가락,나무젓가락,나무젓가락,나무젓가락,나무젓가락,나무젓가락,나무젓가락,나무젓가락,나무젓가락,
STR_KF_C023,Chopsticks carved from a short wooden stick with a knife. Carry them and hold prepared noodles in your hands to eat.,Chopsticks carved from a short wooden stick with a knife. Carry them and hold prepared noodles in your hands to eat.,Chopsticks carved from a short wooden stick with a knife. Carry them and hold prepared noodles in your hands to eat.,"Essstäbchen, mit einem Messer aus einem kurzen Holzstock geschnitzt. Im Inventar tragen und die zubereiteten Nudeln in die Hände nehmen, um sie zu essen.","Палочки, вырезанные ножом из короткой палки. Держите их при себе и возьмите готовую лапшу в руки, чтобы поесть.","Pałeczki wystrugane nożem z krótkiego patyka. Miej je przy sobie i trzymaj przygotowany makaron w rękach, aby go zjeść.",Chopsticks carved from a short wooden stick with a knife. Carry them and hold prepared noodles in your hands to eat.,Chopsticks carved from a short wooden stick with a knife. Carry them and hold prepared noodles in your hands to eat.,Chopsticks carved from a short wooden stick with a knife. Carry them and hold prepared noodles in your hands to eat.,Chopsticks carved from a short wooden stick with a knife. Carry them and hold prepared noodles in your hands to eat.,用刀將1根短樹枝削成的筷子。攜帶時，手持泡好的麵即可食用。,短い枝1本をナイフで削って作った箸。所持した状態で、完成した麺を手に持って食べてください。,Hashis entalhados de um graveto curto com uma faca. Carregue-os e segure o macarrão preparado nas mãos para comer.,用刀将1根短树枝削成的筷子。携带时，手持泡好的面即可食用。,
STR_KF_C023_KO,짧은 나뭇가지 1개를 칼로 깎아 만든 젓가락. 소지한 채 완성된 라면을 손에 들고 먹으세요.,짧은 나뭇가지 1개를 칼로 깎아 만든 젓가락. 소지한 채 완성된 라면을 손에 들고 먹으세요.,짧은 나뭇가지 1개를 칼로 깎아 만든 젓가락. 소지한 채 완성된 라면을 손에 들고 먹으세요.,짧은 나뭇가지 1개를 칼로 깎아 만든 젓가락. 소지한 채 완성된 라면을 손에 들고 먹으세요.,짧은 나뭇가지 1개를 칼로 깎아 만든 젓가락. 소지한 채 완성된 라면을 손에 들고 먹으세요.,짧은 나뭇가지 1개를 칼로 깎아 만든 젓가락. 소지한 채 완성된 라면을 손에 들고 먹으세요.,짧은 나뭇가지 1개를 칼로 깎아 만든 젓가락. 소지한 채 완성된 라면을 손에 들고 먹으세요.,짧은 나뭇가지 1개를 칼로 깎아 만든 젓가락. 소지한 채 완성된 라면을 손에 들고 먹으세요.,짧은 나뭇가지 1개를 칼로 깎아 만든 젓가락. 소지한 채 완성된 라면을 손에 들고 먹으세요.,짧은 나뭇가지 1개를 칼로 깎아 만든 젓가락. 소지한 채 완성된 라면을 손에 들고 먹으세요.,짧은 나뭇가지 1개를 칼로 깎아 만든 젓가락. 소지한 채 완성된 라면을 손에 들고 먹으세요.,짧은 나뭇가지 1개를 칼로 깎아 만든 젓가락. 소지한 채 완성된 라면을 손에 들고 먹으세요.,짧은 나뭇가지 1개를 칼로 깎아 만든 젓가락. 소지한 채 완성된 라면을 손에 들고 먹으세요.,짧은 나뭇가지 1개를 칼로 깎아 만든 젓가락. 소지한 채 완성된 라면을 손에 들고 먹으세요.,
STR_KF_C024,Nurungji (Scorched Rice),Nurungji (Scorched Rice),Nurungji (Scorched Rice),Nurungji (Reiskruste),Нурунджи (поджаренный рис),Nurungji (przypieczony ryż),Nurungji (Scorched Rice),Nurungji (Scorched Rice),Nurungji (Scorched Rice),Nurungji (Scorched Rice),鍋巴,ヌルンジ（おこげ）,Nurungji (arroz tostado),锅巴,
STR_KF_C024_KO,누룽지,누룽지,누룽지,누룽지,누룽지,누룽지,누룽지,누룽지,누룽지,누룽지,누룽지,누룽지,누룽지,누룽지,
STR_KF_C025,Add 200 mL of water at 80°C or hotter and wait 60 seconds.,Add 200 mL of water at 80°C or hotter and wait 60 seconds.,Add 200 mL of water at 80°C or hotter and wait 60 seconds.,200 mL Wasser von mindestens 80°C hinzufügen und 60 Sekunden warten.,Добавьте 200 mL воды температурой от 80°C и подождите 60 секунд.,Dodaj 200 mL wody o temperaturze co najmniej 80°C i odczekaj 60 sekund.,Add 200 mL of water at 80°C or hotter and wait 60 seconds.,Add 200 mL of water at 80°C or hotter and wait 60 seconds.,Add 200 mL of water at 80°C or hotter and wait 60 seconds.,Add 200 mL of water at 80°C or hotter and wait 60 seconds.,加入80°C以上的水200mL，等待60秒。,80°C以上の水200mLを入れて60秒待ってください。,Adicione 200 mL de água a 80°C ou mais e espere 60 segundos.,加入80°C以上的水200mL，等待60秒。,
STR_KF_C025_KO,80°C 이상 물 200mL를 넣고 60초 기다리세요.,80°C 이상 물 200mL를 넣고 60초 기다리세요.,80°C 이상 물 200mL를 넣고 60초 기다리세요.,80°C 이상 물 200mL를 넣고 60초 기다리세요.,80°C 이상 물 200mL를 넣고 60초 기다리세요.,80°C 이상 물 200mL를 넣고 60초 기다리세요.,80°C 이상 물 200mL를 넣고 60초 기다리세요.,80°C 이상 물 200mL를 넣고 60초 기다리세요.,80°C 이상 물 200mL를 넣고 60초 기다리세요.,80°C 이상 물 200mL를 넣고 60초 기다리세요.,80°C 이상 물 200mL를 넣고 60초 기다리세요.,80°C 이상 물 200mL를 넣고 60초 기다리세요.,80°C 이상 물 200mL를 넣고 60초 기다리세요.,80°C 이상 물 200mL를 넣고 60초 기다리세요.,
STR_KF_C026,Nurungji (in water),Nurungji (in water),Nurungji (in water),Nurungji (in Wasser),Нурунджи (в воде),Nurungji (w wodzie),Nurungji (in water),Nurungji (in water),Nurungji (in water),Nurungji (in water),鍋巴 （加水）,ヌルンジ （湯入り）,Nurungji (na água),锅巴 （加水）,
STR_KF_C026_KO,누룽지 (물 조리),누룽지 (물 조리),누룽지 (물 조리),누룽지 (물 조리),누룽지 (물 조리),누룽지 (물 조리),누룽지 (물 조리),누룽지 (물 조리),누룽지 (물 조리),누룽지 (물 조리),누룽지 (물 조리),누룽지 (물 조리),누룽지 (물 조리),누룽지 (물 조리),
STR_KF_C027,Can be eaten once it has finished softening.,Can be eaten once it has finished softening.,Can be eaten once it has finished softening.,"Kann gegessen werden, sobald es fertig eingeweicht ist.","Можно есть, когда размокнет.",Można zjeść po zakończeniu zmiękczania.,Can be eaten once it has finished softening.,Can be eaten once it has finished softening.,Can be eaten once it has finished softening.,Can be eaten once it has finished softening.,泡軟後即可食用。,戻し終わると食べられます。,Pode ser comido quando terminar de amolecer.,泡软后即可食用。,
STR_KF_C027_KO,불리기가 끝나면 먹을 수 있습니다.,불리기가 끝나면 먹을 수 있습니다.,불리기가 끝나면 먹을 수 있습니다.,불리기가 끝나면 먹을 수 있습니다.,불리기가 끝나면 먹을 수 있습니다.,불리기가 끝나면 먹을 수 있습니다.,불리기가 끝나면 먹을 수 있습니다.,불리기가 끝나면 먹을 수 있습니다.,불리기가 끝나면 먹을 수 있습니다.,불리기가 끝나면 먹을 수 있습니다.,불리기가 끝나면 먹을 수 있습니다.,불리기가 끝나면 먹을 수 있습니다.,불리기가 끝나면 먹을 수 있습니다.,불리기가 끝나면 먹을 수 있습니다.,
STR_KF_C028,Chili Tuna Can,Chili Tuna Can,Chili Tuna Can,Dose Chili-Thunfisch,Консервированный тунец с чили,Tuńczyk z chili w puszce,Chili Tuna Can,Chili Tuna Can,Chili Tuna Can,Chili Tuna Can,辣椒鮪魚罐頭,唐辛子ツナ缶,Lata de Atum com Pimenta,辣椒金枪鱼罐头,
STR_KF_C028_KO,고추참치 통조림,고추참치 통조림,고추참치 통조림,고추참치 통조림,고추참치 통조림,고추참치 통조림,고추참치 통조림,고추참치 통조림,고추참치 통조림,고추참치 통조림,고추참치 통조림,고추참치 통조림,고추참치 통조림,고추참치 통조림,
STR_KF_C029,"Hold it in your hands, open the package, then eat. The opened item is placed at your feet.","Hold it in your hands, open the package, then eat. The opened item is placed at your feet.","Hold it in your hands, open the package, then eat. The opened item is placed at your feet.","In die Hände nehmen, die Verpackung öffnen und dann essen. Der geöffnete Gegenstand wird vor den Füßen abgelegt.","Возьмите в руки, откройте упаковку и ешьте. Открытый предмет окажется у ваших ног.","Trzymaj w rękach, otwórz opakowanie, a potem jedz. Otwarty przedmiot zostanie położony u twoich stóp.","Hold it in your hands, open the package, then eat. The opened item is placed at your feet.","Hold it in your hands, open the package, then eat. The opened item is placed at your feet.","Hold it in your hands, open the package, then eat. The opened item is placed at your feet.","Hold it in your hands, open the package, then eat. The opened item is placed at your feet.",手持並打開包裝後食用。開封後的物品會放在腳邊。,手に持って包装を開けてから食べます。開封後のアイテムは足元に置かれます。,"Segure nas mãos, abra a embalagem e depois coma. O item aberto é colocado aos seus pés.",手持并打开包装后食用。开封后的物品会放在脚边。,
STR_KF_C029_KO,손에 들고 포장을 연 뒤 먹습니다. 개봉 결과물은 발앞에 놓입니다.,손에 들고 포장을 연 뒤 먹습니다. 개봉 결과물은 발앞에 놓입니다.,손에 들고 포장을 연 뒤 먹습니다. 개봉 결과물은 발앞에 놓입니다.,손에 들고 포장을 연 뒤 먹습니다. 개봉 결과물은 발앞에 놓입니다.,손에 들고 포장을 연 뒤 먹습니다. 개봉 결과물은 발앞에 놓입니다.,손에 들고 포장을 연 뒤 먹습니다. 개봉 결과물은 발앞에 놓입니다.,손에 들고 포장을 연 뒤 먹습니다. 개봉 결과물은 발앞에 놓입니다.,손에 들고 포장을 연 뒤 먹습니다. 개봉 결과물은 발앞에 놓입니다.,손에 들고 포장을 연 뒤 먹습니다. 개봉 결과물은 발앞에 놓입니다.,손에 들고 포장을 연 뒤 먹습니다. 개봉 결과물은 발앞에 놓입니다.,손에 들고 포장을 연 뒤 먹습니다. 개봉 결과물은 발앞에 놓입니다.,손에 들고 포장을 연 뒤 먹습니다. 개봉 결과물은 발앞에 놓입니다.,손에 들고 포장을 연 뒤 먹습니다. 개봉 결과물은 발앞에 놓입니다.,손에 들고 포장을 연 뒤 먹습니다. 개봉 결과물은 발앞에 놓입니다.,
STR_KF_C030,Chili Tuna Can (opened),Chili Tuna Can (opened),Chili Tuna Can (opened),Dose Chili-Thunfisch (geöffnet),Консервированный тунец с чили (открыто),Tuńczyk z chili w puszce (otwarte),Chili Tuna Can (opened),Chili Tuna Can (opened),Chili Tuna Can (opened),Chili Tuna Can (opened),辣椒鮪魚罐頭 （已開封）,唐辛子ツナ缶 （開封済み）,Lata de Atum com Pimenta (aberta),辣椒金枪鱼罐头 （已开封）,
STR_KF_C030_KO,고추참치 통조림 (개봉),고추참치 통조림 (개봉),고추참치 통조림 (개봉),고추참치 통조림 (개봉),고추참치 통조림 (개봉),고추참치 통조림 (개봉),고추참치 통조림 (개봉),고추참치 통조림 (개봉),고추참치 통조림 (개봉),고추참치 통조림 (개봉),고추참치 통조림 (개봉),고추참치 통조림 (개봉),고추참치 통조림 (개봉),고추참치 통조림 (개봉),
STR_KF_C031,Opened food. Contents and nutrition values are set for game balance.,Opened food. Contents and nutrition values are set for game balance.,Opened food. Contents and nutrition values are set for game balance.,Geöffnetes Essen. Inhalt und Nährwerte sind für die Spielbalance festgelegt.,Открытая еда. Содержимое и пищевая ценность подобраны для игрового баланса.,Otwarte jedzenie. Zawartość i wartości odżywcze ustawiono dla balansu gry.,Opened food. Contents and nutrition values are set for game balance.,Opened food. Contents and nutrition values are set for game balance.,Opened food. Contents and nutrition values are set for game balance.,Opened food. Contents and nutrition values are set for game balance.,已開封的食物。內容量與營養數值為遊戲平衡設定。,開封済みの食品。内容量と栄養値はゲームバランス用です。,Comida aberta. O conteúdo e os valores nutricionais são definidos para o equilíbrio do jogo.,已开封的食物。内容量与营养数值为游戏平衡设定。,
STR_KF_C031_KO,개봉한 음식. 내용량과 영양 수치는 게임 균형용입니다.,개봉한 음식. 내용량과 영양 수치는 게임 균형용입니다.,개봉한 음식. 내용량과 영양 수치는 게임 균형용입니다.,개봉한 음식. 내용량과 영양 수치는 게임 균형용입니다.,개봉한 음식. 내용량과 영양 수치는 게임 균형용입니다.,개봉한 음식. 내용량과 영양 수치는 게임 균형용입니다.,개봉한 음식. 내용량과 영양 수치는 게임 균형용입니다.,개봉한 음식. 내용량과 영양 수치는 게임 균형용입니다.,개봉한 음식. 내용량과 영양 수치는 게임 균형용입니다.,개봉한 음식. 내용량과 영양 수치는 게임 균형용입니다.,개봉한 음식. 내용량과 영양 수치는 게임 균형용입니다.,개봉한 음식. 내용량과 영양 수치는 게임 균형용입니다.,개봉한 음식. 내용량과 영양 수치는 게임 균형용입니다.,개봉한 음식. 내용량과 영양 수치는 게임 균형용입니다.,
STR_KF_C032,Fried Kimchi Can,Fried Kimchi Can,Fried Kimchi Can,Dose gebratenes Kimchi,Консервированное жареное кимчи,Smażone kimchi w puszce,Fried Kimchi Can,Fried Kimchi Can,Fried Kimchi Can,Fried Kimchi Can,炒泡菜罐頭,炒めキムチ缶,Lata de Kimchi Refogado,炒泡菜罐头,
STR_KF_C032_KO,볶음김치 통조림,볶음김치 통조림,볶음김치 통조림,볶음김치 통조림,볶음김치 통조림,볶음김치 통조림,볶음김치 통조림,볶음김치 통조림,볶음김치 통조림,볶음김치 통조림,볶음김치 통조림,볶음김치 통조림,볶음김치 통조림,볶음김치 통조림,
STR_KF_C033,Fried Kimchi Can (opened),Fried Kimchi Can (opened),Fried Kimchi Can (opened),Dose gebratenes Kimchi (geöffnet),Консервированное жареное кимчи (открыто),Smażone kimchi w puszce (otwarte),Fried Kimchi Can (opened),Fried Kimchi Can (opened),Fried Kimchi Can (opened),Fried Kimchi Can (opened),炒泡菜罐頭 （已開封）,炒めキムチ缶 （開封済み）,Lata de Kimchi Refogado (aberta),炒泡菜罐头 （已开封）,
STR_KF_C033_KO,볶음김치 통조림 (개봉),볶음김치 통조림 (개봉),볶음김치 통조림 (개봉),볶음김치 통조림 (개봉),볶음김치 통조림 (개봉),볶음김치 통조림 (개봉),볶음김치 통조림 (개봉),볶음김치 통조림 (개봉),볶음김치 통조림 (개봉),볶음김치 통조림 (개봉),볶음김치 통조림 (개봉),볶음김치 통조림 (개봉),볶음김치 통조림 (개봉),볶음김치 통조림 (개봉),
STR_KF_C034,Instant Rice,Instant Rice,Instant Rice,Instant-Reis,Рис быстрого приготовления,Ryż instant,Instant Rice,Instant Rice,Instant Rice,Instant Rice,即食白飯,パックご飯,Arroz Instantâneo,即食米饭,
STR_KF_C034_KO,즉석밥,즉석밥,즉석밥,즉석밥,즉석밥,즉석밥,즉석밥,즉석밥,즉석밥,즉석밥,즉석밥,즉석밥,즉석밥,즉석밥,
STR_KF_C035,Instant Rice (opened),Instant Rice (opened),Instant Rice (opened),Instant-Reis (geöffnet),Рис быстрого приготовления (открыто),Ryż instant (otwarte),Instant Rice (opened),Instant Rice (opened),Instant Rice (opened),Instant Rice (opened),即食白飯 （已開封）,パックご飯 （開封済み）,Arroz Instantâneo (aberto),即食米饭 （已开封）,
STR_KF_C035_KO,즉석밥 (개봉),즉석밥 (개봉),즉석밥 (개봉),즉석밥 (개봉),즉석밥 (개봉),즉석밥 (개봉),즉석밥 (개봉),즉석밥 (개봉),즉석밥 (개봉),즉석밥 (개봉),즉석밥 (개봉),즉석밥 (개봉),즉석밥 (개봉),즉석밥 (개봉),
STR_KF_C036,Dried Squid,Dried Squid,Dried Squid,Getrockneter Tintenfisch,Сушёный кальмар,Suszona kałamarnica,Dried Squid,Dried Squid,Dried Squid,Dried Squid,魷魚乾,スルメ,Lula Seca,鱿鱼干,
STR_KF_C036_KO,말린 오징어,말린 오징어,말린 오징어,말린 오징어,말린 오징어,말린 오징어,말린 오징어,말린 오징어,말린 오징어,말린 오징어,말린 오징어,말린 오징어,말린 오징어,말린 오징어,
STR_KF_C037,Dried Squid (opened),Dried Squid (opened),Dried Squid (opened),Getrockneter Tintenfisch (geöffnet),Сушёный кальмар (открыто),Suszona kałamarnica (otwarte),Dried Squid (opened),Dried Squid (opened),Dried Squid (opened),Dried Squid (opened),魷魚乾 （已開封）,スルメ （開封済み）,Lula Seca (aberta),鱿鱼干 （已开封）,
STR_KF_C037_KO,말린 오징어 (개봉),말린 오징어 (개봉),말린 오징어 (개봉),말린 오징어 (개봉),말린 오징어 (개봉),말린 오징어 (개봉),말린 오징어 (개봉),말린 오징어 (개봉),말린 오징어 (개봉),말린 오징어 (개봉),말린 오징어 (개봉),말린 오징어 (개봉),말린 오징어 (개봉),말린 오징어 (개봉),
STR_KF_C038,Seasoned Laver (Gim),Seasoned Laver (Gim),Seasoned Laver (Gim),Gewürzter Seetang (Gim),Приправленные водоросли (ким),Przyprawione wodorosty (gim),Seasoned Laver (Gim),Seasoned Laver (Gim),Seasoned Laver (Gim),Seasoned Laver (Gim),韓式調味海苔,韓国のり,Alga Temperada (Gim),韩式调味海苔,
STR_KF_C038_KO,조미김,조미김,조미김,조미김,조미김,조미김,조미김,조미김,조미김,조미김,조미김,조미김,조미김,조미김,
STR_KF_C039,Seasoned Laver (Gim) (opened),Seasoned Laver (Gim) (opened),Seasoned Laver (Gim) (opened),Gewürzter Seetang (Gim) (geöffnet),Приправленные водоросли (ким) (открыто),Przyprawione wodorosty (gim) (otwarte),Seasoned Laver (Gim) (opened),Seasoned Laver (Gim) (opened),Seasoned Laver (Gim) (opened),Seasoned Laver (Gim) (opened),韓式調味海苔 （已開封）,韓国のり （開封済み）,Alga Temperada (Gim) (aberta),韩式调味海苔 （已开封）,
STR_KF_C039_KO,조미김 (개봉),조미김 (개봉),조미김 (개봉),조미김 (개봉),조미김 (개봉),조미김 (개봉),조미김 (개봉),조미김 (개봉),조미김 (개봉),조미김 (개봉),조미김 (개봉),조미김 (개봉),조미김 (개봉),조미김 (개봉),
STR_KF_C040,Misugaru,Misugaru,Misugaru,Misugaru,Мисугару,Misugaru,Misugaru,Misugaru,Misugaru,Misugaru,韓式穀物粉,ミスカル,Misugaru,韩式谷物粉,
STR_KF_C040_KO,미숫가루,미숫가루,미숫가루,미숫가루,미숫가루,미숫가루,미숫가루,미숫가루,미숫가루,미숫가루,미숫가루,미숫가루,미숫가루,미숫가루,
STR_KF_C041,"Combine with an empty paper cup to add 30 g, then add 200 mL of water.","Combine with an empty paper cup to add 30 g, then add 200 mL of water.","Combine with an empty paper cup to add 30 g, then add 200 mL of water.","Mit einem leeren Pappbecher kombinieren, um 30 g einzufüllen, dann 200 mL Wasser hinzufügen.","Объедините с пустым бумажным стаканом, чтобы насыпать 30 g, затем добавьте 200 mL воды.","Połącz z pustym papierowym kubkiem, aby wsypać 30 g, potem dodaj 200 mL wody.","Combine with an empty paper cup to add 30 g, then add 200 mL of water.","Combine with an empty paper cup to add 30 g, then add 200 mL of water.","Combine with an empty paper cup to add 30 g, then add 200 mL of water.","Combine with an empty paper cup to add 30 g, then add 200 mL of water.",與空紙杯組合放入30g，再加入200mL的水。,空の紙コップと組み合わせて30gを入れ、水200mLを加えます。,Combine com um copo de papel vazio para colocar 30 g e depois adicione 200 mL de água.,与空纸杯组合放入30g，再加入200mL的水。,
STR_KF_C041_KO,빈 종이컵과 조합해 30g을 담고 물 200mL를 넣습니다.,빈 종이컵과 조합해 30g을 담고 물 200mL를 넣습니다.,빈 종이컵과 조합해 30g을 담고 물 200mL를 넣습니다.,빈 종이컵과 조합해 30g을 담고 물 200mL를 넣습니다.,빈 종이컵과 조합해 30g을 담고 물 200mL를 넣습니다.,빈 종이컵과 조합해 30g을 담고 물 200mL를 넣습니다.,빈 종이컵과 조합해 30g을 담고 물 200mL를 넣습니다.,빈 종이컵과 조합해 30g을 담고 물 200mL를 넣습니다.,빈 종이컵과 조합해 30g을 담고 물 200mL를 넣습니다.,빈 종이컵과 조합해 30g을 담고 물 200mL를 넣습니다.,빈 종이컵과 조합해 30g을 담고 물 200mL를 넣습니다.,빈 종이컵과 조합해 30g을 담고 물 200mL를 넣습니다.,빈 종이컵과 조합해 30g을 담고 물 200mL를 넣습니다.,빈 종이컵과 조합해 30g을 담고 물 200mL를 넣습니다.,
STR_KF_C042,Misugaru (powder in cup),Misugaru (powder in cup),Misugaru (powder in cup),Misugaru (Pulver im Becher),Мисугару (порошок в стакане),Misugaru (proszek w kubku),Misugaru (powder in cup),Misugaru (powder in cup),Misugaru (powder in cup),Misugaru (powder in cup),韓式穀物粉 （杯中粉末）,ミスカル （カップに粉入り）,Misugaru (pó no copo),韩式谷物粉 （杯中粉末）,
STR_KF_C042_KO,미숫가루 (컵에 담은 가루),미숫가루 (컵에 담은 가루),미숫가루 (컵에 담은 가루),미숫가루 (컵에 담은 가루),미숫가루 (컵에 담은 가루),미숫가루 (컵에 담은 가루),미숫가루 (컵에 담은 가루),미숫가루 (컵에 담은 가루),미숫가루 (컵에 담은 가루),미숫가루 (컵에 담은 가루),미숫가루 (컵에 담은 가루),미숫가루 (컵에 담은 가루),미숫가루 (컵에 담은 가루),미숫가루 (컵에 담은 가루),
STR_KF_C043,Water has not been added yet.,Water has not been added yet.,Water has not been added yet.,Es wurde noch kein Wasser hinzugefügt.,Вода ещё не добавлена.,Woda nie została jeszcze dodana.,Water has not been added yet.,Water has not been added yet.,Water has not been added yet.,Water has not been added yet.,尚未加水。,まだ水を入れていません。,A água ainda não foi adicionada.,尚未加水。,
STR_KF_C043_KO,물을 넣기 전입니다.,물을 넣기 전입니다.,물을 넣기 전입니다.,물을 넣기 전입니다.,물을 넣기 전입니다.,물을 넣기 전입니다.,물을 넣기 전입니다.,물을 넣기 전입니다.,물을 넣기 전입니다.,물을 넣기 전입니다.,물을 넣기 전입니다.,물을 넣기 전입니다.,물을 넣기 전입니다.,물을 넣기 전입니다.,
STR_KF_C044,Misugaru (ready),Misugaru (ready),Misugaru (ready),Misugaru (fertig),Мисугару (готово),Misugaru (gotowe),Misugaru (ready),Misugaru (ready),Misugaru (ready),Misugaru (ready),韓式穀物粉 （完成）,ミスカル （完成）,Misugaru (pronto),韩式谷物粉 （完成）,
STR_KF_C044_KO,미숫가루 (완성),미숫가루 (완성),미숫가루 (완성),미숫가루 (완성),미숫가루 (완성),미숫가루 (완성),미숫가루 (완성),미숫가루 (완성),미숫가루 (완성),미숫가루 (완성),미숫가루 (완성),미숫가루 (완성),미숫가루 (완성),미숫가루 (완성),
STR_KF_C045,One cup prepared in a paper cup. The cup disappears once finished.,One cup prepared in a paper cup. The cup disappears once finished.,One cup prepared in a paper cup. The cup disappears once finished.,"Eine Portion, im Pappbecher zubereitet. Der Becher verschwindet nach dem Verzehr.",Одна порция в бумажном стакане. После употребления стакан исчезает.,Jedna porcja przygotowana w papierowym kubku. Kubek znika po spożyciu.,One cup prepared in a paper cup. The cup disappears once finished.,One cup prepared in a paper cup. The cup disappears once finished.,One cup prepared in a paper cup. The cup disappears once finished.,One cup prepared in a paper cup. The cup disappears once finished.,用紙杯沖好的一杯。喝完後紙杯也會消失。,紙コップで作った一杯。飲み終えるとカップも消えます。,Uma dose preparada em copo de papel. O copo desaparece ao terminar.,用纸杯冲好的一杯。喝完后纸杯也会消失。,
STR_KF_C045_KO,종이컵에 준비한 한 잔. 소모 후 컵도 사라집니다.,종이컵에 준비한 한 잔. 소모 후 컵도 사라집니다.,종이컵에 준비한 한 잔. 소모 후 컵도 사라집니다.,종이컵에 준비한 한 잔. 소모 후 컵도 사라집니다.,종이컵에 준비한 한 잔. 소모 후 컵도 사라집니다.,종이컵에 준비한 한 잔. 소모 후 컵도 사라집니다.,종이컵에 준비한 한 잔. 소모 후 컵도 사라집니다.,종이컵에 준비한 한 잔. 소모 후 컵도 사라집니다.,종이컵에 준비한 한 잔. 소모 후 컵도 사라집니다.,종이컵에 준비한 한 잔. 소모 후 컵도 사라집니다.,종이컵에 준비한 한 잔. 소모 후 컵도 사라집니다.,종이컵에 준비한 한 잔. 소모 후 컵도 사라집니다.,종이컵에 준비한 한 잔. 소모 후 컵도 사라집니다.,종이컵에 준비한 한 잔. 소모 후 컵도 사라집니다.,
STR_KF_C046,Jangjorim (Braised Beef) Can,Jangjorim (Braised Beef) Can,Jangjorim (Braised Beef) Can,Dose Jangjorim (geschmortes Rindfleisch),Консервы чанджорим (тушёная говядина),Jangjorim (duszona wołowina) w puszce,Jangjorim (Braised Beef) Can,Jangjorim (Braised Beef) Can,Jangjorim (Braised Beef) Can,Jangjorim (Braised Beef) Can,韓式醬燒牛肉罐頭,チャンジョリム（牛肉醤油煮）缶,Lata de Jangjorim (carne cozida no shoyu),韩式酱牛肉罐头,
STR_KF_C046_KO,장조림 통조림,장조림 통조림,장조림 통조림,장조림 통조림,장조림 통조림,장조림 통조림,장조림 통조림,장조림 통조림,장조림 통조림,장조림 통조림,장조림 통조림,장조림 통조림,장조림 통조림,장조림 통조림,
STR_KF_C047,Jangjorim (Braised Beef) Can (opened),Jangjorim (Braised Beef) Can (opened),Jangjorim (Braised Beef) Can (opened),Dose Jangjorim (geschmortes Rindfleisch) (geöffnet),Консервы чанджорим (тушёная говядина) (открыто),Jangjorim (duszona wołowina) w puszce (otwarte),Jangjorim (Braised Beef) Can (opened),Jangjorim (Braised Beef) Can (opened),Jangjorim (Braised Beef) Can (opened),Jangjorim (Braised Beef) Can (opened),韓式醬燒牛肉罐頭 （已開封）,チャンジョリム（牛肉醤油煮）缶 （開封済み）,Lata de Jangjorim (carne cozida no shoyu) (aberta),韩式酱牛肉罐头 （已开封）,
STR_KF_C047_KO,장조림 통조림 (개봉),장조림 통조림 (개봉),장조림 통조림 (개봉),장조림 통조림 (개봉),장조림 통조림 (개봉),장조림 통조림 (개봉),장조림 통조림 (개봉),장조림 통조림 (개봉),장조림 통조림 (개봉),장조림 통조림 (개봉),장조림 통조림 (개봉),장조림 통조림 (개봉),장조림 통조림 (개봉),장조림 통조림 (개봉),
STR_KF_C048,Perilla Leaves Can,Perilla Leaves Can,Perilla Leaves Can,Dose Perillablätter,Консервированные листья периллы,Liście perilli w puszce,Perilla Leaves Can,Perilla Leaves Can,Perilla Leaves Can,Perilla Leaves Can,紫蘇葉罐頭,エゴマの葉缶,Lata de Folhas de Perilla,苏子叶罐头,
STR_KF_C048_KO,깻잎 통조림,깻잎 통조림,깻잎 통조림,깻잎 통조림,깻잎 통조림,깻잎 통조림,깻잎 통조림,깻잎 통조림,깻잎 통조림,깻잎 통조림,깻잎 통조림,깻잎 통조림,깻잎 통조림,깻잎 통조림,
STR_KF_C049,Perilla Leaves Can (opened),Perilla Leaves Can (opened),Perilla Leaves Can (opened),Dose Perillablätter (geöffnet),Консервированные листья периллы (открыто),Liście perilli w puszce (otwarte),Perilla Leaves Can (opened),Perilla Leaves Can (opened),Perilla Leaves Can (opened),Perilla Leaves Can (opened),紫蘇葉罐頭 （已開封）,エゴマの葉缶 （開封済み）,Lata de Folhas de Perilla (aberta),苏子叶罐头 （已开封）,
STR_KF_C049_KO,깻잎 통조림 (개봉),깻잎 통조림 (개봉),깻잎 통조림 (개봉),깻잎 통조림 (개봉),깻잎 통조림 (개봉),깻잎 통조림 (개봉),깻잎 통조림 (개봉),깻잎 통조림 (개봉),깻잎 통조림 (개봉),깻잎 통조림 (개봉),깻잎 통조림 (개봉),깻잎 통조림 (개봉),깻잎 통조림 (개봉),깻잎 통조림 (개봉),
STR_KF_C050,Mackerel Can,Mackerel Can,Mackerel Can,Dose Makrele,Консервированная скумбрия,Makrela w puszce,Mackerel Can,Mackerel Can,Mackerel Can,Mackerel Can,鯖魚罐頭,サバ缶,Lata de Cavalinha,鲭鱼罐头,
STR_KF_C050_KO,고등어 통조림,고등어 통조림,고등어 통조림,고등어 통조림,고등어 통조림,고등어 통조림,고등어 통조림,고등어 통조림,고등어 통조림,고등어 통조림,고등어 통조림,고등어 통조림,고등어 통조림,고등어 통조림,
STR_KF_C051,Mackerel Can (opened),Mackerel Can (opened),Mackerel Can (opened),Dose Makrele (geöffnet),Консервированная скумбрия (открыто),Makrela w puszce (otwarte),Mackerel Can (opened),Mackerel Can (opened),Mackerel Can (opened),Mackerel Can (opened),鯖魚罐頭 （已開封）,サバ缶 （開封済み）,Lata de Cavalinha (aberta),鲭鱼罐头 （已开封）,
STR_KF_C051_KO,고등어 통조림 (개봉),고등어 통조림 (개봉),고등어 통조림 (개봉),고등어 통조림 (개봉),고등어 통조림 (개봉),고등어 통조림 (개봉),고등어 통조림 (개봉),고등어 통조림 (개봉),고등어 통조림 (개봉),고등어 통조림 (개봉),고등어 통조림 (개봉),고등어 통조림 (개봉),고등어 통조림 (개봉),고등어 통조림 (개봉),
STR_KF_C052,Retort Curry,Retort Curry,Retort Curry,Retorten-Curry,Карри в реторт-пакете,Curry w saszetce retort,Retort Curry,Retort Curry,Retort Curry,Retort Curry,調理包咖哩,レトルトカレー,Curry Instantâneo,即食咖喱,
STR_KF_C052_KO,레토르트 카레,레토르트 카레,레토르트 카레,레토르트 카레,레토르트 카레,레토르트 카레,레토르트 카레,레토르트 카레,레토르트 카레,레토르트 카레,레토르트 카레,레토르트 카레,레토르트 카레,레토르트 카레,
STR_KF_C053,Opening the paper box reveals a sealed retort pouch. Open the pouch once more to eat.,Opening the paper box reveals a sealed retort pouch. Open the pouch once more to eat.,Opening the paper box reveals a sealed retort pouch. Open the pouch once more to eat.,"Beim Öffnen der Pappschachtel kommt ein versiegelter Retortenbeutel zum Vorschein. Den Beutel noch einmal öffnen, um zu essen.","В картонной коробке находится запечатанный реторт-пакет. Откройте пакет ещё раз, чтобы поесть.","Po otwarciu kartonowego pudełka znajdziesz szczelnie zamkniętą saszetkę retort. Otwórz saszetkę jeszcze raz, aby zjeść.",Opening the paper box reveals a sealed retort pouch. Open the pouch once more to eat.,Opening the paper box reveals a sealed retort pouch. Open the pouch once more to eat.,Opening the paper box reveals a sealed retort pouch. Open the pouch once more to eat.,Opening the paper box reveals a sealed retort pouch. Open the pouch once more to eat.,打開紙盒後會取出密封的調理包。再打開一次調理包即可食用。,紙箱を開けると密封されたレトルトパウチが出てきます。パウチをもう一度開けて食べます。,"Ao abrir a caixa de papel, aparece um sachê lacrado. Abra o sachê mais uma vez para comer.",打开纸盒后会取出密封的蒸煮袋。再打开一次蒸煮袋即可食用。,
STR_KF_C053_KO,종이 상자를 열면 밀봉된 레토르트 봉지가 나옵니다. 봉지를 한 번 더 열어 먹습니다.,종이 상자를 열면 밀봉된 레토르트 봉지가 나옵니다. 봉지를 한 번 더 열어 먹습니다.,종이 상자를 열면 밀봉된 레토르트 봉지가 나옵니다. 봉지를 한 번 더 열어 먹습니다.,종이 상자를 열면 밀봉된 레토르트 봉지가 나옵니다. 봉지를 한 번 더 열어 먹습니다.,종이 상자를 열면 밀봉된 레토르트 봉지가 나옵니다. 봉지를 한 번 더 열어 먹습니다.,종이 상자를 열면 밀봉된 레토르트 봉지가 나옵니다. 봉지를 한 번 더 열어 먹습니다.,종이 상자를 열면 밀봉된 레토르트 봉지가 나옵니다. 봉지를 한 번 더 열어 먹습니다.,종이 상자를 열면 밀봉된 레토르트 봉지가 나옵니다. 봉지를 한 번 더 열어 먹습니다.,종이 상자를 열면 밀봉된 레토르트 봉지가 나옵니다. 봉지를 한 번 더 열어 먹습니다.,종이 상자를 열면 밀봉된 레토르트 봉지가 나옵니다. 봉지를 한 번 더 열어 먹습니다.,종이 상자를 열면 밀봉된 레토르트 봉지가 나옵니다. 봉지를 한 번 더 열어 먹습니다.,종이 상자를 열면 밀봉된 레토르트 봉지가 나옵니다. 봉지를 한 번 더 열어 먹습니다.,종이 상자를 열면 밀봉된 레토르트 봉지가 나옵니다. 봉지를 한 번 더 열어 먹습니다.,종이 상자를 열면 밀봉된 레토르트 봉지가 나옵니다. 봉지를 한 번 더 열어 먹습니다.,
STR_KF_C054,Retort Curry (opened),Retort Curry (opened),Retort Curry (opened),Retorten-Curry (geöffnet),Карри в реторт-пакете (открыто),Curry w saszetce retort (otwarte),Retort Curry (opened),Retort Curry (opened),Retort Curry (opened),Retort Curry (opened),調理包咖哩 （已開封）,レトルトカレー （開封済み）,Curry Instantâneo (aberto),即食咖喱 （已开封）,
STR_KF_C054_KO,레토르트 카레 (개봉),레토르트 카레 (개봉),레토르트 카레 (개봉),레토르트 카레 (개봉),레토르트 카레 (개봉),레토르트 카레 (개봉),레토르트 카레 (개봉),레토르트 카레 (개봉),레토르트 카레 (개봉),레토르트 카레 (개봉),레토르트 카레 (개봉),레토르트 카레 (개봉),레토르트 카레 (개봉),레토르트 카레 (개봉),
STR_KF_C055,Retort Jjajang,Retort Jjajang,Retort Jjajang,Retorten-Jjajang,Чаджан в реторт-пакете,Jjajang w saszetce retort,Retort Jjajang,Retort Jjajang,Retort Jjajang,Retort Jjajang,調理包炸醬,レトルトチャジャン,Jjajang Instantâneo,即食炸酱,
STR_KF_C055_KO,레토르트 짜장,레토르트 짜장,레토르트 짜장,레토르트 짜장,레토르트 짜장,레토르트 짜장,레토르트 짜장,레토르트 짜장,레토르트 짜장,레토르트 짜장,레토르트 짜장,레토르트 짜장,레토르트 짜장,레토르트 짜장,
STR_KF_C056,Retort Jjajang (opened),Retort Jjajang (opened),Retort Jjajang (opened),Retorten-Jjajang (geöffnet),Чаджан в реторт-пакете (открыто),Jjajang w saszetce retort (otwarte),Retort Jjajang (opened),Retort Jjajang (opened),Retort Jjajang (opened),Retort Jjajang (opened),調理包炸醬 （已開封）,レトルトチャジャン （開封済み）,Jjajang Instantâneo (aberto),即食炸酱 （已开封）,
STR_KF_C056_KO,레토르트 짜장 (개봉),레토르트 짜장 (개봉),레토르트 짜장 (개봉),레토르트 짜장 (개봉),레토르트 짜장 (개봉),레토르트 짜장 (개봉),레토르트 짜장 (개봉),레토르트 짜장 (개봉),레토르트 짜장 (개봉),레토르트 짜장 (개봉),레토르트 짜장 (개봉),레토르트 짜장 (개봉),레토르트 짜장 (개봉),레토르트 짜장 (개봉),
STR_KF_C057,Yanggaeng,Yanggaeng,Yanggaeng,Yanggaeng,Янгэн,Yanggaeng,Yanggaeng,Yanggaeng,Yanggaeng,Yanggaeng,羊羹,羊羹,Yanggaeng,羊羹,
STR_KF_C057_KO,양갱,양갱,양갱,양갱,양갱,양갱,양갱,양갱,양갱,양갱,양갱,양갱,양갱,양갱,
STR_KF_C058,Yanggaeng (opened),Yanggaeng (opened),Yanggaeng (opened),Yanggaeng (geöffnet),Янгэн (открыто),Yanggaeng (otwarte),Yanggaeng (opened),Yanggaeng (opened),Yanggaeng (opened),Yanggaeng (opened),羊羹 （已開封）,羊羹 （開封済み）,Yanggaeng (aberto),羊羹 （已开封）,
STR_KF_C058_KO,양갱 (개봉),양갱 (개봉),양갱 (개봉),양갱 (개봉),양갱 (개봉),양갱 (개봉),양갱 (개봉),양갱 (개봉),양갱 (개봉),양갱 (개봉),양갱 (개봉),양갱 (개봉),양갱 (개봉),양갱 (개봉),
STR_KF_C059,Choco Pie,Choco Pie,Choco Pie,Choco Pie,Чоко Пай,Choco Pie,Choco Pie,Choco Pie,Choco Pie,Choco Pie,好麗友巧克力派,オリオン チョコパイ,Choco Pie,好丽友巧克力派,
STR_KF_C059_KO,초코파이,초코파이,초코파이,초코파이,초코파이,초코파이,초코파이,초코파이,초코파이,초코파이,초코파이,초코파이,초코파이,초코파이,
STR_KF_C060,Choco Pie (opened),Choco Pie (opened),Choco Pie (opened),Choco Pie (geöffnet),Чоко Пай (открыто),Choco Pie (otwarte),Choco Pie (opened),Choco Pie (opened),Choco Pie (opened),Choco Pie (opened),好麗友巧克力派 （已開封）,オリオン チョコパイ （開封済み）,Choco Pie (aberto),好丽友巧克力派 （已开封）,
STR_KF_C060_KO,초코파이 (개봉),초코파이 (개봉),초코파이 (개봉),초코파이 (개봉),초코파이 (개봉),초코파이 (개봉),초코파이 (개봉),초코파이 (개봉),초코파이 (개봉),초코파이 (개봉),초코파이 (개봉),초코파이 (개봉),초코파이 (개봉),초코파이 (개봉),
STR_KF_C061,Geonppang (Hardtack),Geonppang (Hardtack),Geonppang (Hardtack),Geonppang (Hartkeks),Конпан (галеты),Geonppang (suchary),Geonppang (Hardtack),Geonppang (Hardtack),Geonppang (Hardtack),Geonppang (Hardtack),韓式乾麵包,乾パン,Geonppang (biscoito duro),韩式硬饼干,
STR_KF_C061_KO,건빵,건빵,건빵,건빵,건빵,건빵,건빵,건빵,건빵,건빵,건빵,건빵,건빵,건빵,
STR_KF_C062,Geonppang (Hardtack) (opened),Geonppang (Hardtack) (opened),Geonppang (Hardtack) (opened),Geonppang (Hartkeks) (geöffnet),Конпан (галеты) (открыто),Geonppang (suchary) (otwarte),Geonppang (Hardtack) (opened),Geonppang (Hardtack) (opened),Geonppang (Hardtack) (opened),Geonppang (Hardtack) (opened),韓式乾麵包 （已開封）,乾パン （開封済み）,Geonppang (biscoito duro) (aberto),韩式硬饼干 （已开封）,
STR_KF_C062_KO,건빵 (개봉),건빵 (개봉),건빵 (개봉),건빵 (개봉),건빵 (개봉),건빵 (개봉),건빵 (개봉),건빵 (개봉),건빵 (개봉),건빵 (개봉),건빵 (개봉),건빵 (개봉),건빵 (개봉),건빵 (개봉),
STR_KF_C063,"Maxim Mocha Gold Coffee Mix, 20 sticks","Maxim Mocha Gold Coffee Mix, 20 sticks","Maxim Mocha Gold Coffee Mix, 20 sticks","Maxim Mocha Gold Kaffeemix, 20 Sticks","Кофейный микс Максим Мокко Голд, 20 стиков","Maxim Mocha Gold Coffee Mix, 20 saszetek","Maxim Mocha Gold Coffee Mix, 20 sticks","Maxim Mocha Gold Coffee Mix, 20 sticks","Maxim Mocha Gold Coffee Mix, 20 sticks","Maxim Mocha Gold Coffee Mix, 20 sticks",Maxim 摩卡金牌即溶咖啡 20入,マキシム モカゴールド コーヒーミックス 20本入,"Mistura de Café Maxim Mocha Gold, 20 sachês",Maxim 摩卡金牌速溶咖啡 20条装,
STR_KF_C063_KO,맥심 모카골드 커피믹스 20개입,맥심 모카골드 커피믹스 20개입,맥심 모카골드 커피믹스 20개입,맥심 모카골드 커피믹스 20개입,맥심 모카골드 커피믹스 20개입,맥심 모카골드 커피믹스 20개입,맥심 모카골드 커피믹스 20개입,맥심 모카골드 커피믹스 20개입,맥심 모카골드 커피믹스 20개입,맥심 모카골드 커피믹스 20개입,맥심 모카골드 커피믹스 20개입,맥심 모카골드 커피믹스 20개입,맥심 모카골드 커피믹스 20개입,맥심 모카골드 커피믹스 20개입,
STR_KF_C064,"Combine with an empty paper cup to add 12 g, then add 200 mL of water.","Combine with an empty paper cup to add 12 g, then add 200 mL of water.","Combine with an empty paper cup to add 12 g, then add 200 mL of water.","Mit einem leeren Pappbecher kombinieren, um 12 g einzufüllen, dann 200 mL Wasser hinzufügen.","Объедините с пустым бумажным стаканом, чтобы насыпать 12 g, затем добавьте 200 mL воды.","Połącz z pustym papierowym kubkiem, aby wsypać 12 g, potem dodaj 200 mL wody.","Combine with an empty paper cup to add 12 g, then add 200 mL of water.","Combine with an empty paper cup to add 12 g, then add 200 mL of water.","Combine with an empty paper cup to add 12 g, then add 200 mL of water.","Combine with an empty paper cup to add 12 g, then add 200 mL of water.",與空紙杯組合放入12g，再加入200mL的水。,空の紙コップと組み合わせて12gを入れ、水200mLを加えます。,Combine com um copo de papel vazio para colocar 12 g e depois adicione 200 mL de água.,与空纸杯组合放入12g，再加入200mL的水。,
STR_KF_C064_KO,빈 종이컵과 조합해 12g을 담고 물 200mL를 넣습니다.,빈 종이컵과 조합해 12g을 담고 물 200mL를 넣습니다.,빈 종이컵과 조합해 12g을 담고 물 200mL를 넣습니다.,빈 종이컵과 조합해 12g을 담고 물 200mL를 넣습니다.,빈 종이컵과 조합해 12g을 담고 물 200mL를 넣습니다.,빈 종이컵과 조합해 12g을 담고 물 200mL를 넣습니다.,빈 종이컵과 조합해 12g을 담고 물 200mL를 넣습니다.,빈 종이컵과 조합해 12g을 담고 물 200mL를 넣습니다.,빈 종이컵과 조합해 12g을 담고 물 200mL를 넣습니다.,빈 종이컵과 조합해 12g을 담고 물 200mL를 넣습니다.,빈 종이컵과 조합해 12g을 담고 물 200mL를 넣습니다.,빈 종이컵과 조합해 12g을 담고 물 200mL를 넣습니다.,빈 종이컵과 조합해 12g을 담고 물 200mL를 넣습니다.,빈 종이컵과 조합해 12g을 담고 물 200mL를 넣습니다.,
STR_KF_C065,Coffee Mix (powder in cup),Coffee Mix (powder in cup),Coffee Mix (powder in cup),Kaffeemix (Pulver im Becher),Кофейный микс (порошок в стакане),Kawa 3w1 (proszek w kubku),Coffee Mix (powder in cup),Coffee Mix (powder in cup),Coffee Mix (powder in cup),Coffee Mix (powder in cup),即溶咖啡 （杯中粉末）,コーヒーミックス （カップに粉入り）,Mistura de Café (pó no copo),速溶咖啡 （杯中粉末）,
STR_KF_C065_KO,믹스커피 (컵에 담은 가루),믹스커피 (컵에 담은 가루),믹스커피 (컵에 담은 가루),믹스커피 (컵에 담은 가루),믹스커피 (컵에 담은 가루),믹스커피 (컵에 담은 가루),믹스커피 (컵에 담은 가루),믹스커피 (컵에 담은 가루),믹스커피 (컵에 담은 가루),믹스커피 (컵에 담은 가루),믹스커피 (컵에 담은 가루),믹스커피 (컵에 담은 가루),믹스커피 (컵에 담은 가루),믹스커피 (컵에 담은 가루),
STR_KF_C066,Coffee Mix (ready),Coffee Mix (ready),Coffee Mix (ready),Kaffeemix (fertig),Кофейный микс (готово),Kawa 3w1 (gotowe),Coffee Mix (ready),Coffee Mix (ready),Coffee Mix (ready),Coffee Mix (ready),即溶咖啡 （完成）,コーヒーミックス （完成）,Mistura de Café (pronta),速溶咖啡 （完成）,
STR_KF_C066_KO,믹스커피 (완성),믹스커피 (완성),믹스커피 (완성),믹스커피 (완성),믹스커피 (완성),믹스커피 (완성),믹스커피 (완성),믹스커피 (완성),믹스커피 (완성),믹스커피 (완성),믹스커피 (완성),믹스커피 (완성),믹스커피 (완성),믹스커피 (완성),
STR_KF_C067,Yukgaejang Bowl Noodles (uncooked),Yukgaejang Bowl Noodles (uncooked),Yukgaejang Bowl Noodles (uncooked),Yukgaejang-Schüsselnudeln (ungekocht),Лапша юккеджан в миске (не заварено),Makaron yukgaejang w misce (niezaparzone),Yukgaejang Bowl Noodles (uncooked),Yukgaejang Bowl Noodles (uncooked),Yukgaejang Bowl Noodles (uncooked),Yukgaejang Bowl Noodles (uncooked),辣牛肉湯碗麵 （未調理）,ユッケジャン カップ麺 （未調理）,Macarrão Yukgaejang em Tigela (não preparado),辣牛肉汤碗面 （未调理）,
STR_KF_C067_KO,육개장 사발면 (미조리),육개장 사발면 (미조리),육개장 사발면 (미조리),육개장 사발면 (미조리),육개장 사발면 (미조리),육개장 사발면 (미조리),육개장 사발면 (미조리),육개장 사발면 (미조리),육개장 사발면 (미조리),육개장 사발면 (미조리),육개장 사발면 (미조리),육개장 사발면 (미조리),육개장 사발면 (미조리),육개장 사발면 (미조리),
STR_KF_C068,Combine with 300 mL of water at 80°C or hotter. Eat with chopsticks once ready.,Combine with 300 mL of water at 80°C or hotter. Eat with chopsticks once ready.,Combine with 300 mL of water at 80°C or hotter. Eat with chopsticks once ready.,Mit 300 mL Wasser von mindestens 80°C kombinieren. Nach der Zubereitung mit Essstäbchen essen.,"Объедините с 300 mL воды температурой от 80°C. Когда будет готово, ешьте палочками.",Połącz z 300 mL wody o temperaturze co najmniej 80°C. Po przygotowaniu jedz pałeczkami.,Combine with 300 mL of water at 80°C or hotter. Eat with chopsticks once ready.,Combine with 300 mL of water at 80°C or hotter. Eat with chopsticks once ready.,Combine with 300 mL of water at 80°C or hotter. Eat with chopsticks once ready.,Combine with 300 mL of water at 80°C or hotter. Eat with chopsticks once ready.,與80°C以上的水300mL組合。完成後用筷子食用。,80°C以上の水300mLと組み合わせます。完成後は箸で食べます。,Combine com 300 mL de água a 80°C ou mais. Coma com hashis quando estiver pronto.,与80°C以上的水300mL组合。完成后用筷子食用。,
STR_KF_C068_KO,80°C 이상 물 300mL와 조합. 완성 후 젓가락으로 먹습니다.,80°C 이상 물 300mL와 조합. 완성 후 젓가락으로 먹습니다.,80°C 이상 물 300mL와 조합. 완성 후 젓가락으로 먹습니다.,80°C 이상 물 300mL와 조합. 완성 후 젓가락으로 먹습니다.,80°C 이상 물 300mL와 조합. 완성 후 젓가락으로 먹습니다.,80°C 이상 물 300mL와 조합. 완성 후 젓가락으로 먹습니다.,80°C 이상 물 300mL와 조합. 완성 후 젓가락으로 먹습니다.,80°C 이상 물 300mL와 조합. 완성 후 젓가락으로 먹습니다.,80°C 이상 물 300mL와 조합. 완성 후 젓가락으로 먹습니다.,80°C 이상 물 300mL와 조합. 완성 후 젓가락으로 먹습니다.,80°C 이상 물 300mL와 조합. 완성 후 젓가락으로 먹습니다.,80°C 이상 물 300mL와 조합. 완성 후 젓가락으로 먹습니다.,80°C 이상 물 300mL와 조합. 완성 후 젓가락으로 먹습니다.,80°C 이상 물 300mL와 조합. 완성 후 젓가락으로 먹습니다.,
STR_KF_C069,Yukgaejang Bowl Noodles,Yukgaejang Bowl Noodles,Yukgaejang Bowl Noodles,Yukgaejang-Schüsselnudeln,Лапша юккеджан в миске,Makaron yukgaejang w misce,Yukgaejang Bowl Noodles,Yukgaejang Bowl Noodles,Yukgaejang Bowl Noodles,Yukgaejang Bowl Noodles,辣牛肉湯碗麵,ユッケジャン カップ麺,Macarrão Yukgaejang em Tigela,辣牛肉汤碗面,
STR_KF_C069_KO,육개장 사발면,육개장 사발면,육개장 사발면,육개장 사발면,육개장 사발면,육개장 사발면,육개장 사발면,육개장 사발면,육개장 사발면,육개장 사발면,육개장 사발면,육개장 사발면,육개장 사발면,육개장 사발면,
STR_KF_C070,Cannot be eaten while softening in hot water. Chopsticks needed once ready.,Cannot be eaten while softening in hot water. Chopsticks needed once ready.,Cannot be eaten while softening in hot water. Chopsticks needed once ready.,"Kann nicht gegessen werden, während es in heißem Wasser einweicht. Nach der Zubereitung werden Essstäbchen benötigt.","Нельзя есть, пока размокает в горячей воде. Когда будет готово, нужны палочки.",Nie można jeść podczas zmiękczania w gorącej wodzie. Po przygotowaniu potrzebne są pałeczki.,Cannot be eaten while softening in hot water. Chopsticks needed once ready.,Cannot be eaten while softening in hot water. Chopsticks needed once ready.,Cannot be eaten while softening in hot water. Chopsticks needed once ready.,Cannot be eaten while softening in hot water. Chopsticks needed once ready.,以熱水泡軟期間無法食用。完成後需要筷子。,お湯で戻している間は食べられません。完成後は箸が必要です。,Não pode ser comido enquanto amolece na água quente. Hashis necessários quando estiver pronto.,用热水泡软期间无法食用。完成后需要筷子。,
STR_KF_C070_KO,뜨거운 물로 불리는 동안 먹을 수 없습니다. 완성 후 젓가락 필요.,뜨거운 물로 불리는 동안 먹을 수 없습니다. 완성 후 젓가락 필요.,뜨거운 물로 불리는 동안 먹을 수 없습니다. 완성 후 젓가락 필요.,뜨거운 물로 불리는 동안 먹을 수 없습니다. 완성 후 젓가락 필요.,뜨거운 물로 불리는 동안 먹을 수 없습니다. 완성 후 젓가락 필요.,뜨거운 물로 불리는 동안 먹을 수 없습니다. 완성 후 젓가락 필요.,뜨거운 물로 불리는 동안 먹을 수 없습니다. 완성 후 젓가락 필요.,뜨거운 물로 불리는 동안 먹을 수 없습니다. 완성 후 젓가락 필요.,뜨거운 물로 불리는 동안 먹을 수 없습니다. 완성 후 젓가락 필요.,뜨거운 물로 불리는 동안 먹을 수 없습니다. 완성 후 젓가락 필요.,뜨거운 물로 불리는 동안 먹을 수 없습니다. 완성 후 젓가락 필요.,뜨거운 물로 불리는 동안 먹을 수 없습니다. 완성 후 젓가락 필요.,뜨거운 물로 불리는 동안 먹을 수 없습니다. 완성 후 젓가락 필요.,뜨거운 물로 불리는 동안 먹을 수 없습니다. 완성 후 젓가락 필요.,
STR_KF_C071,Kimchi Bowl Noodles (uncooked),Kimchi Bowl Noodles (uncooked),Kimchi Bowl Noodles (uncooked),Kimchi-Schüsselnudeln (ungekocht),Лапша с кимчи в миске (не заварено),Makaron kimchi w misce (niezaparzone),Kimchi Bowl Noodles (uncooked),Kimchi Bowl Noodles (uncooked),Kimchi Bowl Noodles (uncooked),Kimchi Bowl Noodles (uncooked),泡菜碗麵 （未調理）,キムチ カップ麺 （未調理）,Macarrão de Kimchi em Tigela (não preparado),泡菜碗面 （未调理）,
STR_KF_C071_KO,김치 사발면 (미조리),김치 사발면 (미조리),김치 사발면 (미조리),김치 사발면 (미조리),김치 사발면 (미조리),김치 사발면 (미조리),김치 사발면 (미조리),김치 사발면 (미조리),김치 사발면 (미조리),김치 사발면 (미조리),김치 사발면 (미조리),김치 사발면 (미조리),김치 사발면 (미조리),김치 사발면 (미조리),
STR_KF_C072,Kimchi Bowl Noodles,Kimchi Bowl Noodles,Kimchi Bowl Noodles,Kimchi-Schüsselnudeln,Лапша с кимчи в миске,Makaron kimchi w misce,Kimchi Bowl Noodles,Kimchi Bowl Noodles,Kimchi Bowl Noodles,Kimchi Bowl Noodles,泡菜碗麵,キムチ カップ麺,Macarrão de Kimchi em Tigela,泡菜碗面,
STR_KF_C072_KO,김치 사발면,김치 사발면,김치 사발면,김치 사발면,김치 사발면,김치 사발면,김치 사발면,김치 사발면,김치 사발면,김치 사발면,김치 사발면,김치 사발면,김치 사발면,김치 사발면,
STR_KF_C073,Dosirak Noodles (uncooked),Dosirak Noodles (uncooked),Dosirak Noodles (uncooked),Dosirak-Nudeln (ungekocht),Доширак (не заварено),Makaron Dosirak (niezaparzone),Dosirak Noodles (uncooked),Dosirak Noodles (uncooked),Dosirak Noodles (uncooked),Dosirak Noodles (uncooked),Dosirak 便當拉麵 （未調理）,ドシラク ラーメン （未調理）,Macarrão Dosirak (não preparado),Dosirak 便当拉面 （未调理）,
STR_KF_C073_KO,도시락 라면 (미조리),도시락 라면 (미조리),도시락 라면 (미조리),도시락 라면 (미조리),도시락 라면 (미조리),도시락 라면 (미조리),도시락 라면 (미조리),도시락 라면 (미조리),도시락 라면 (미조리),도시락 라면 (미조리),도시락 라면 (미조리),도시락 라면 (미조리),도시락 라면 (미조리),도시락 라면 (미조리),
STR_KF_C074,Dosirak Noodles,Dosirak Noodles,Dosirak Noodles,Dosirak-Nudeln,Доширак,Makaron Dosirak,Dosirak Noodles,Dosirak Noodles,Dosirak Noodles,Dosirak Noodles,Dosirak 便當拉麵,ドシラク ラーメン,Macarrão Dosirak,Dosirak 便当拉面,
STR_KF_C074_KO,도시락 라면,도시락 라면,도시락 라면,도시락 라면,도시락 라면,도시락 라면,도시락 라면,도시락 라면,도시락 라면,도시락 라면,도시락 라면,도시락 라면,도시락 라면,도시락 라면,
STR_KF_C075,Kimchi Dosirak (uncooked),Kimchi Dosirak (uncooked),Kimchi Dosirak (uncooked),Kimchi-Dosirak (ungekocht),Доширак с кимчи (не заварено),Dosirak kimchi (niezaparzone),Kimchi Dosirak (uncooked),Kimchi Dosirak (uncooked),Kimchi Dosirak (uncooked),Kimchi Dosirak (uncooked),泡菜 Dosirak （未調理）,キムチ ドシラク （未調理）,Dosirak de Kimchi (não preparado),泡菜 Dosirak （未调理）,
STR_KF_C075_KO,김치 도시락 (미조리),김치 도시락 (미조리),김치 도시락 (미조리),김치 도시락 (미조리),김치 도시락 (미조리),김치 도시락 (미조리),김치 도시락 (미조리),김치 도시락 (미조리),김치 도시락 (미조리),김치 도시락 (미조리),김치 도시락 (미조리),김치 도시락 (미조리),김치 도시락 (미조리),김치 도시락 (미조리),
STR_KF_C076,Kimchi Dosirak,Kimchi Dosirak,Kimchi Dosirak,Kimchi-Dosirak,Доширак с кимчи,Dosirak kimchi,Kimchi Dosirak,Kimchi Dosirak,Kimchi Dosirak,Kimchi Dosirak,泡菜 Dosirak,キムチ ドシラク,Dosirak de Kimchi,泡菜 Dosirak,
STR_KF_C076_KO,김치 도시락,김치 도시락,김치 도시락,김치 도시락,김치 도시락,김치 도시락,김치 도시락,김치 도시락,김치 도시락,김치 도시락,김치 도시락,김치 도시락,김치 도시락,김치 도시락,
STR_KF_C077,Anchovy Rice Noodles (uncooked),Anchovy Rice Noodles (uncooked),Anchovy Rice Noodles (uncooked),Sardellen-Reisnudeln (ungekocht),Рисовая лапша с анчоусами (не заварено),Makaron ryżowy z anchois (niezaparzone),Anchovy Rice Noodles (uncooked),Anchovy Rice Noodles (uncooked),Anchovy Rice Noodles (uncooked),Anchovy Rice Noodles (uncooked),鯷魚米線 （未調理）,煮干しライスヌードル （未調理）,Macarrão de Arroz com Anchova (não preparado),鳀鱼米粉 （未调理）,
STR_KF_C077_KO,멸치쌀국수 (미조리),멸치쌀국수 (미조리),멸치쌀국수 (미조리),멸치쌀국수 (미조리),멸치쌀국수 (미조리),멸치쌀국수 (미조리),멸치쌀국수 (미조리),멸치쌀국수 (미조리),멸치쌀국수 (미조리),멸치쌀국수 (미조리),멸치쌀국수 (미조리),멸치쌀국수 (미조리),멸치쌀국수 (미조리),멸치쌀국수 (미조리),
STR_KF_C078,Anchovy Rice Noodles,Anchovy Rice Noodles,Anchovy Rice Noodles,Sardellen-Reisnudeln,Рисовая лапша с анчоусами,Makaron ryżowy z anchois,Anchovy Rice Noodles,Anchovy Rice Noodles,Anchovy Rice Noodles,Anchovy Rice Noodles,鯷魚米線,煮干しライスヌードル,Macarrão de Arroz com Anchova,鳀鱼米粉,
STR_KF_C078_KO,멸치쌀국수,멸치쌀국수,멸치쌀국수,멸치쌀국수,멸치쌀국수,멸치쌀국수,멸치쌀국수,멸치쌀국수,멸치쌀국수,멸치쌀국수,멸치쌀국수,멸치쌀국수,멸치쌀국수,멸치쌀국수,
STR_KF_C079,Luncheon Meat (Spam-style Ham) Can,Luncheon Meat (Spam-style Ham) Can,Luncheon Meat (Spam-style Ham) Can,Dose Frühstücksfleisch (Spam-Art),Консервированный ланчен-мит (ветчина типа Спам),Mielonka (szynka typu Spam) w puszce,Luncheon Meat (Spam-style Ham) Can,Luncheon Meat (Spam-style Ham) Can,Luncheon Meat (Spam-style Ham) Can,Luncheon Meat (Spam-style Ham) Can,午餐肉·SPAM型火腿罐頭,ランチョンミート·スパム風ハム缶,Lata de Apresuntado (tipo Spam),午餐肉·SPAM型火腿罐头,
STR_KF_C079_KO,런천미트·스팸형 햄 통조림,런천미트·스팸형 햄 통조림,런천미트·스팸형 햄 통조림,런천미트·스팸형 햄 통조림,런천미트·스팸형 햄 통조림,런천미트·스팸형 햄 통조림,런천미트·스팸형 햄 통조림,런천미트·스팸형 햄 통조림,런천미트·스팸형 햄 통조림,런천미트·스팸형 햄 통조림,런천미트·스팸형 햄 통조림,런천미트·스팸형 햄 통조림,런천미트·스팸형 햄 통조림,런천미트·스팸형 햄 통조림,
STR_KF_C080,Luncheon Meat (Spam-style Ham) Can (opened),Luncheon Meat (Spam-style Ham) Can (opened),Luncheon Meat (Spam-style Ham) Can (opened),Dose Frühstücksfleisch (Spam-Art) (geöffnet),Консервированный ланчен-мит (ветчина типа Спам) (открыто),Mielonka (szynka typu Spam) w puszce (otwarte),Luncheon Meat (Spam-style Ham) Can (opened),Luncheon Meat (Spam-style Ham) Can (opened),Luncheon Meat (Spam-style Ham) Can (opened),Luncheon Meat (Spam-style Ham) Can (opened),午餐肉·SPAM型火腿罐頭 （已開封）,ランチョンミート·スパム風ハム缶 （開封済み）,Lata de Apresuntado (tipo Spam) (aberta),午餐肉·SPAM型火腿罐头 （已开封）,
STR_KF_C080_KO,런천미트·스팸형 햄 통조림 (개봉),런천미트·스팸형 햄 통조림 (개봉),런천미트·스팸형 햄 통조림 (개봉),런천미트·스팸형 햄 통조림 (개봉),런천미트·스팸형 햄 통조림 (개봉),런천미트·스팸형 햄 통조림 (개봉),런천미트·스팸형 햄 통조림 (개봉),런천미트·스팸형 햄 통조림 (개봉),런천미트·스팸형 햄 통조림 (개봉),런천미트·스팸형 햄 통조림 (개봉),런천미트·스팸형 햄 통조림 (개봉),런천미트·스팸형 햄 통조림 (개봉),런천미트·스팸형 햄 통조림 (개봉),런천미트·스팸형 햄 통조림 (개봉),
STR_KF_C081,Beondegi (Silkworm Pupa) Can,Beondegi (Silkworm Pupa) Can,Beondegi (Silkworm Pupa) Can,Dose Beondegi (Seidenraupenpuppen),Консервы пондеги (куколки шелкопряда),Beondegi (poczwarki jedwabnika) w puszce,Beondegi (Silkworm Pupa) Can,Beondegi (Silkworm Pupa) Can,Beondegi (Silkworm Pupa) Can,Beondegi (Silkworm Pupa) Can,蠶蛹罐頭,ポンテギ（蚕のさなぎ）缶,Lata de Beondegi (pupa de bicho-da-seda),蚕蛹罐头,
STR_KF_C081_KO,번데기 통조림,번데기 통조림,번데기 통조림,번데기 통조림,번데기 통조림,번데기 통조림,번데기 통조림,번데기 통조림,번데기 통조림,번데기 통조림,번데기 통조림,번데기 통조림,번데기 통조림,번데기 통조림,
STR_KF_C082,Beondegi (Silkworm Pupa) Can (opened),Beondegi (Silkworm Pupa) Can (opened),Beondegi (Silkworm Pupa) Can (opened),Dose Beondegi (Seidenraupenpuppen) (geöffnet),Консервы пондеги (куколки шелкопряда) (открыто),Beondegi (poczwarki jedwabnika) w puszce (otwarte),Beondegi (Silkworm Pupa) Can (opened),Beondegi (Silkworm Pupa) Can (opened),Beondegi (Silkworm Pupa) Can (opened),Beondegi (Silkworm Pupa) Can (opened),蠶蛹罐頭 （已開封）,ポンテギ（蚕のさなぎ）缶 （開封済み）,Lata de Beondegi (pupa de bicho-da-seda) (aberta),蚕蛹罐头 （已开封）,
STR_KF_C082_KO,번데기 통조림 (개봉),번데기 통조림 (개봉),번데기 통조림 (개봉),번데기 통조림 (개봉),번데기 통조림 (개봉),번데기 통조림 (개봉),번데기 통조림 (개봉),번데기 통조림 (개봉),번데기 통조림 (개봉),번데기 통조림 (개봉),번데기 통조림 (개봉),번데기 통조림 (개봉),번데기 통조림 (개봉),번데기 통조림 (개봉),
STR_KF_C083,Whelk Can,Whelk Can,Whelk Can,Dose Wellhornschnecken,Консервированные трубачи,Trąbiki w puszce,Whelk Can,Whelk Can,Whelk Can,Whelk Can,螺肉罐頭,ツブ貝缶,Lata de Búzio,海螺罐头,
STR_KF_C083_KO,골뱅이 통조림,골뱅이 통조림,골뱅이 통조림,골뱅이 통조림,골뱅이 통조림,골뱅이 통조림,골뱅이 통조림,골뱅이 통조림,골뱅이 통조림,골뱅이 통조림,골뱅이 통조림,골뱅이 통조림,골뱅이 통조림,골뱅이 통조림,
STR_KF_C084,Whelk Can (opened),Whelk Can (opened),Whelk Can (opened),Dose Wellhornschnecken (geöffnet),Консервированные трубачи (открыто),Trąbiki w puszce (otwarte),Whelk Can (opened),Whelk Can (opened),Whelk Can (opened),Whelk Can (opened),螺肉罐頭 （已開封）,ツブ貝缶 （開封済み）,Lata de Búzio (aberta),海螺罐头 （已开封）,
STR_KF_C084_KO,골뱅이 통조림 (개봉),골뱅이 통조림 (개봉),골뱅이 통조림 (개봉),골뱅이 통조림 (개봉),골뱅이 통조림 (개봉),골뱅이 통조림 (개봉),골뱅이 통조림 (개봉),골뱅이 통조림 (개봉),골뱅이 통조림 (개봉),골뱅이 통조림 (개봉),골뱅이 통조림 (개봉),골뱅이 통조림 (개봉),골뱅이 통조림 (개봉),골뱅이 통조림 (개봉),
STR_KF_C085,Cockle Can,Cockle Can,Cockle Can,Dose Herzmuscheln,Консервированные сердцевидки,Sercówki w puszce,Cockle Can,Cockle Can,Cockle Can,Cockle Can,血蚶罐頭,ハイガイ缶,Lata de Berbigão,血蚶罐头,
STR_KF_C085_KO,꼬막 통조림,꼬막 통조림,꼬막 통조림,꼬막 통조림,꼬막 통조림,꼬막 통조림,꼬막 통조림,꼬막 통조림,꼬막 통조림,꼬막 통조림,꼬막 통조림,꼬막 통조림,꼬막 통조림,꼬막 통조림,
STR_KF_C086,Cockle Can (opened),Cockle Can (opened),Cockle Can (opened),Dose Herzmuscheln (geöffnet),Консервированные сердцевидки (открыто),Sercówki w puszce (otwarte),Cockle Can (opened),Cockle Can (opened),Cockle Can (opened),Cockle Can (opened),血蚶罐頭 （已開封）,ハイガイ缶 （開封済み）,Lata de Berbigão (aberta),血蚶罐头 （已开封）,
STR_KF_C086_KO,꼬막 통조림 (개봉),꼬막 통조림 (개봉),꼬막 통조림 (개봉),꼬막 통조림 (개봉),꼬막 통조림 (개봉),꼬막 통조림 (개봉),꼬막 통조림 (개봉),꼬막 통조림 (개봉),꼬막 통조림 (개봉),꼬막 통조림 (개봉),꼬막 통조림 (개봉),꼬막 통조림 (개봉),꼬막 통조림 (개봉),꼬막 통조림 (개봉),
STR_KF_C087,Samgyetang Retort,Samgyetang Retort,Samgyetang Retort,Retorten-Samgyetang,Самгетан в реторт-пакете,Samgyetang w saszetce retort,Samgyetang Retort,Samgyetang Retort,Samgyetang Retort,Samgyetang Retort,蔘雞湯調理包,サムゲタン レトルト,Samgyetang Instantâneo,即食参鸡汤,
STR_KF_C087_KO,삼계탕 레토르트,삼계탕 레토르트,삼계탕 레토르트,삼계탕 레토르트,삼계탕 레토르트,삼계탕 레토르트,삼계탕 레토르트,삼계탕 레토르트,삼계탕 레토르트,삼계탕 레토르트,삼계탕 레토르트,삼계탕 레토르트,삼계탕 레토르트,삼계탕 레토르트,
STR_KF_C088,Samgyetang Retort (opened),Samgyetang Retort (opened),Samgyetang Retort (opened),Retorten-Samgyetang (geöffnet),Самгетан в реторт-пакете (открыто),Samgyetang w saszetce retort (otwarte),Samgyetang Retort (opened),Samgyetang Retort (opened),Samgyetang Retort (opened),Samgyetang Retort (opened),蔘雞湯調理包 （已開封）,サムゲタン レトルト （開封済み）,Samgyetang Instantâneo (aberto),即食参鸡汤 （已开封）,
STR_KF_C088_KO,삼계탕 레토르트 (개봉),삼계탕 레토르트 (개봉),삼계탕 레토르트 (개봉),삼계탕 레토르트 (개봉),삼계탕 레토르트 (개봉),삼계탕 레토르트 (개봉),삼계탕 레토르트 (개봉),삼계탕 레토르트 (개봉),삼계탕 레토르트 (개봉),삼계탕 레토르트 (개봉),삼계탕 레토르트 (개봉),삼계탕 레토르트 (개봉),삼계탕 레토르트 (개봉),삼계탕 레토르트 (개봉),
STR_KF_C089,Yukgaejang Retort,Yukgaejang Retort,Yukgaejang Retort,Retorten-Yukgaejang,Юккеджан в реторт-пакете,Yukgaejang w saszetce retort,Yukgaejang Retort,Yukgaejang Retort,Yukgaejang Retort,Yukgaejang Retort,辣牛肉湯調理包,ユッケジャン レトルト,Yukgaejang Instantâneo,即食辣牛肉汤,
STR_KF_C089_KO,육개장 레토르트,육개장 레토르트,육개장 레토르트,육개장 레토르트,육개장 레토르트,육개장 레토르트,육개장 레토르트,육개장 레토르트,육개장 레토르트,육개장 레토르트,육개장 레토르트,육개장 레토르트,육개장 레토르트,육개장 레토르트,
STR_KF_C090,Yukgaejang Retort (opened),Yukgaejang Retort (opened),Yukgaejang Retort (opened),Retorten-Yukgaejang (geöffnet),Юккеджан в реторт-пакете (открыто),Yukgaejang w saszetce retort (otwarte),Yukgaejang Retort (opened),Yukgaejang Retort (opened),Yukgaejang Retort (opened),Yukgaejang Retort (opened),辣牛肉湯調理包 （已開封）,ユッケジャン レトルト （開封済み）,Yukgaejang Instantâneo (aberto),即食辣牛肉汤 （已开封）,
STR_KF_C090_KO,육개장 레토르트 (개봉),육개장 레토르트 (개봉),육개장 레토르트 (개봉),육개장 레토르트 (개봉),육개장 레토르트 (개봉),육개장 레토르트 (개봉),육개장 레토르트 (개봉),육개장 레토르트 (개봉),육개장 레토르트 (개봉),육개장 레토르트 (개봉),육개장 레토르트 (개봉),육개장 레토르트 (개봉),육개장 레토르트 (개봉),육개장 레토르트 (개봉),
STR_KF_C091,Beef Seaweed Soup Retort,Beef Seaweed Soup Retort,Beef Seaweed Soup Retort,Retorten-Rindfleisch-Seetangsuppe,Суп из морской капусты с говядиной в реторт-пакете,Zupa z wodorostów z wołowiną w saszetce retort,Beef Seaweed Soup Retort,Beef Seaweed Soup Retort,Beef Seaweed Soup Retort,Beef Seaweed Soup Retort,牛肉海帶湯調理包,牛肉わかめスープ レトルト,Sopa de Alga com Carne Instantânea,即食牛肉海带汤,
STR_KF_C091_KO,소고기미역국 레토르트,소고기미역국 레토르트,소고기미역국 레토르트,소고기미역국 레토르트,소고기미역국 레토르트,소고기미역국 레토르트,소고기미역국 레토르트,소고기미역국 레토르트,소고기미역국 레토르트,소고기미역국 레토르트,소고기미역국 레토르트,소고기미역국 레토르트,소고기미역국 레토르트,소고기미역국 레토르트,
STR_KF_C092,Beef Seaweed Soup Retort (opened),Beef Seaweed Soup Retort (opened),Beef Seaweed Soup Retort (opened),Retorten-Rindfleisch-Seetangsuppe (geöffnet),Суп из морской капусты с говядиной в реторт-пакете (открыто),Zupa z wodorostów z wołowiną w saszetce retort (otwarte),Beef Seaweed Soup Retort (opened),Beef Seaweed Soup Retort (opened),Beef Seaweed Soup Retort (opened),Beef Seaweed Soup Retort (opened),牛肉海帶湯調理包 （已開封）,牛肉わかめスープ レトルト （開封済み）,Sopa de Alga com Carne Instantânea (aberta),即食牛肉海带汤 （已开封）,
STR_KF_C092_KO,소고기미역국 레토르트 (개봉),소고기미역국 레토르트 (개봉),소고기미역국 레토르트 (개봉),소고기미역국 레토르트 (개봉),소고기미역국 레토르트 (개봉),소고기미역국 레토르트 (개봉),소고기미역국 레토르트 (개봉),소고기미역국 레토르트 (개봉),소고기미역국 레토르트 (개봉),소고기미역국 레토르트 (개봉),소고기미역국 레토르트 (개봉),소고기미역국 레토르트 (개봉),소고기미역국 레토르트 (개봉),소고기미역국 레토르트 (개봉),
STR_KF_C093,Abalone Porridge,Abalone Porridge,Abalone Porridge,Abalone-Reisbrei,Рисовая каша с морским ушком,Kleik ryżowy z uchowcem,Abalone Porridge,Abalone Porridge,Abalone Porridge,Abalone Porridge,鮑魚粥,アワビ粥,Mingau de Abalone,鲍鱼粥,
STR_KF_C093_KO,전복죽,전복죽,전복죽,전복죽,전복죽,전복죽,전복죽,전복죽,전복죽,전복죽,전복죽,전복죽,전복죽,전복죽,
STR_KF_C094,Abalone Porridge (opened),Abalone Porridge (opened),Abalone Porridge (opened),Abalone-Reisbrei (geöffnet),Рисовая каша с морским ушком (открыто),Kleik ryżowy z uchowcem (otwarte),Abalone Porridge (opened),Abalone Porridge (opened),Abalone Porridge (opened),Abalone Porridge (opened),鮑魚粥 （已開封）,アワビ粥 （開封済み）,Mingau de Abalone (aberto),鲍鱼粥 （已开封）,
STR_KF_C094_KO,전복죽 (개봉),전복죽 (개봉),전복죽 (개봉),전복죽 (개봉),전복죽 (개봉),전복죽 (개봉),전복죽 (개봉),전복죽 (개봉),전복죽 (개봉),전복죽 (개봉),전복죽 (개봉),전복죽 (개봉),전복죽 (개봉),전복죽 (개봉),
STR_KF_C095,Sweet Pumpkin Porridge,Sweet Pumpkin Porridge,Sweet Pumpkin Porridge,Süßkürbis-Brei,Тыквенная каша,Kleik ze słodkiej dyni,Sweet Pumpkin Porridge,Sweet Pumpkin Porridge,Sweet Pumpkin Porridge,Sweet Pumpkin Porridge,南瓜粥,かぼちゃ粥,Mingau de Abóbora,南瓜粥,
STR_KF_C095_KO,단호박죽,단호박죽,단호박죽,단호박죽,단호박죽,단호박죽,단호박죽,단호박죽,단호박죽,단호박죽,단호박죽,단호박죽,단호박죽,단호박죽,
STR_KF_C096,Sweet Pumpkin Porridge (opened),Sweet Pumpkin Porridge (opened),Sweet Pumpkin Porridge (opened),Süßkürbis-Brei (geöffnet),Тыквенная каша (открыто),Kleik ze słodkiej dyni (otwarte),Sweet Pumpkin Porridge (opened),Sweet Pumpkin Porridge (opened),Sweet Pumpkin Porridge (opened),Sweet Pumpkin Porridge (opened),南瓜粥 （已開封）,かぼちゃ粥 （開封済み）,Mingau de Abóbora (aberto),南瓜粥 （已开封）,
STR_KF_C096_KO,단호박죽 (개봉),단호박죽 (개봉),단호박죽 (개봉),단호박죽 (개봉),단호박죽 (개봉),단호박죽 (개봉),단호박죽 (개봉),단호박죽 (개봉),단호박죽 (개봉),단호박죽 (개봉),단호박죽 (개봉),단호박죽 (개봉),단호박죽 (개봉),단호박죽 (개봉),
STR_KF_C097,Chestnut Red Bean Porridge,Chestnut Red Bean Porridge,Chestnut Red Bean Porridge,Kastanien-Rotbohnen-Brei,Каша из красной фасоли с каштанами,Kleik z czerwonej fasoli z kasztanami,Chestnut Red Bean Porridge,Chestnut Red Bean Porridge,Chestnut Red Bean Porridge,Chestnut Red Bean Porridge,栗子紅豆粥,栗入りあずき粥,Mingau de Feijão Vermelho com Castanha,栗子红豆粥,
STR_KF_C097_KO,밤단팥죽,밤단팥죽,밤단팥죽,밤단팥죽,밤단팥죽,밤단팥죽,밤단팥죽,밤단팥죽,밤단팥죽,밤단팥죽,밤단팥죽,밤단팥죽,밤단팥죽,밤단팥죽,
STR_KF_C098,Chestnut Red Bean Porridge (opened),Chestnut Red Bean Porridge (opened),Chestnut Red Bean Porridge (opened),Kastanien-Rotbohnen-Brei (geöffnet),Каша из красной фасоли с каштанами (открыто),Kleik z czerwonej fasoli z kasztanami (otwarte),Chestnut Red Bean Porridge (opened),Chestnut Red Bean Porridge (opened),Chestnut Red Bean Porridge (opened),Chestnut Red Bean Porridge (opened),栗子紅豆粥 （已開封）,栗入りあずき粥 （開封済み）,Mingau de Feijão Vermelho com Castanha (aberto),栗子红豆粥 （已开封）,
STR_KF_C098_KO,밤단팥죽 (개봉),밤단팥죽 (개봉),밤단팥죽 (개봉),밤단팥죽 (개봉),밤단팥죽 (개봉),밤단팥죽 (개봉),밤단팥죽 (개봉),밤단팥죽 (개봉),밤단팥죽 (개봉),밤단팥죽 (개봉),밤단팥죽 (개봉),밤단팥죽 (개봉),밤단팥죽 (개봉),밤단팥죽 (개봉),
STR_KF_C099,Beef Porridge,Beef Porridge,Beef Porridge,Rindfleisch-Reisbrei,Рисовая каша с говядиной,Kleik ryżowy z wołowiną,Beef Porridge,Beef Porridge,Beef Porridge,Beef Porridge,牛肉粥,牛肉粥,Mingau de Carne,牛肉粥,
STR_KF_C099_KO,쇠고기죽,쇠고기죽,쇠고기죽,쇠고기죽,쇠고기죽,쇠고기죽,쇠고기죽,쇠고기죽,쇠고기죽,쇠고기죽,쇠고기죽,쇠고기죽,쇠고기죽,쇠고기죽,
STR_KF_C100,Beef Porridge (opened),Beef Porridge (opened),Beef Porridge (opened),Rindfleisch-Reisbrei (geöffnet),Рисовая каша с говядиной (открыто),Kleik ryżowy z wołowiną (otwarte),Beef Porridge (opened),Beef Porridge (opened),Beef Porridge (opened),Beef Porridge (opened),牛肉粥 （已開封）,牛肉粥 （開封済み）,Mingau de Carne (aberto),牛肉粥 （已开封）,
STR_KF_C100_KO,쇠고기죽 (개봉),쇠고기죽 (개봉),쇠고기죽 (개봉),쇠고기죽 (개봉),쇠고기죽 (개봉),쇠고기죽 (개봉),쇠고기죽 (개봉),쇠고기죽 (개봉),쇠고기죽 (개봉),쇠고기죽 (개봉),쇠고기죽 (개봉),쇠고기죽 (개봉),쇠고기죽 (개봉),쇠고기죽 (개봉),
STR_KF_C101,Freeze-dried Doenjang Soup,Freeze-dried Doenjang Soup,Freeze-dried Doenjang Soup,Gefriergetrocknete Doenjang-Suppe,Сублимированный суп твенджан,Liofilizowana zupa doenjang,Freeze-dried Doenjang Soup,Freeze-dried Doenjang Soup,Freeze-dried Doenjang Soup,Freeze-dried Doenjang Soup,凍乾大醬湯,フリーズドライ テンジャンスープ,Sopa de Doenjang Liofilizada,冻干大酱汤,
STR_KF_C101_KO,동결건조 된장국,동결건조 된장국,동결건조 된장국,동결건조 된장국,동결건조 된장국,동결건조 된장국,동결건조 된장국,동결건조 된장국,동결건조 된장국,동결건조 된장국,동결건조 된장국,동결건조 된장국,동결건조 된장국,동결건조 된장국,
STR_KF_C102,"Combine with an empty paper cup to add 10 g, then add 200 mL of water.","Combine with an empty paper cup to add 10 g, then add 200 mL of water.","Combine with an empty paper cup to add 10 g, then add 200 mL of water.","Mit einem leeren Pappbecher kombinieren, um 10 g einzufüllen, dann 200 mL Wasser hinzufügen.","Объедините с пустым бумажным стаканом, чтобы насыпать 10 g, затем добавьте 200 mL воды.","Połącz z pustym papierowym kubkiem, aby wsypać 10 g, potem dodaj 200 mL wody.","Combine with an empty paper cup to add 10 g, then add 200 mL of water.","Combine with an empty paper cup to add 10 g, then add 200 mL of water.","Combine with an empty paper cup to add 10 g, then add 200 mL of water.","Combine with an empty paper cup to add 10 g, then add 200 mL of water.",與空紙杯組合放入10g，再加入200mL的水。,空の紙コップと組み合わせて10gを入れ、水200mLを加えます。,Combine com um copo de papel vazio para colocar 10 g e depois adicione 200 mL de água.,与空纸杯组合放入10g，再加入200mL的水。,
STR_KF_C102_KO,빈 종이컵과 조합해 10g을 담고 물 200mL를 넣습니다.,빈 종이컵과 조합해 10g을 담고 물 200mL를 넣습니다.,빈 종이컵과 조합해 10g을 담고 물 200mL를 넣습니다.,빈 종이컵과 조합해 10g을 담고 물 200mL를 넣습니다.,빈 종이컵과 조합해 10g을 담고 물 200mL를 넣습니다.,빈 종이컵과 조합해 10g을 담고 물 200mL를 넣습니다.,빈 종이컵과 조합해 10g을 담고 물 200mL를 넣습니다.,빈 종이컵과 조합해 10g을 담고 물 200mL를 넣습니다.,빈 종이컵과 조합해 10g을 담고 물 200mL를 넣습니다.,빈 종이컵과 조합해 10g을 담고 물 200mL를 넣습니다.,빈 종이컵과 조합해 10g을 담고 물 200mL를 넣습니다.,빈 종이컵과 조합해 10g을 담고 물 200mL를 넣습니다.,빈 종이컵과 조합해 10g을 담고 물 200mL를 넣습니다.,빈 종이컵과 조합해 10g을 담고 물 200mL를 넣습니다.,
STR_KF_C103,Freeze-dried Doenjang Soup (powder in cup),Freeze-dried Doenjang Soup (powder in cup),Freeze-dried Doenjang Soup (powder in cup),Gefriergetrocknete Doenjang-Suppe (Pulver im Becher),Сублимированный суп твенджан (порошок в стакане),Liofilizowana zupa doenjang (proszek w kubku),Freeze-dried Doenjang Soup (powder in cup),Freeze-dried Doenjang Soup (powder in cup),Freeze-dried Doenjang Soup (powder in cup),Freeze-dried Doenjang Soup (powder in cup),凍乾大醬湯 （杯中粉末）,フリーズドライ テンジャンスープ （カップに粉入り）,Sopa de Doenjang Liofilizada (pó no copo),冻干大酱汤 （杯中粉末）,
STR_KF_C103_KO,동결건조 된장국 (컵에 담은 가루),동결건조 된장국 (컵에 담은 가루),동결건조 된장국 (컵에 담은 가루),동결건조 된장국 (컵에 담은 가루),동결건조 된장국 (컵에 담은 가루),동결건조 된장국 (컵에 담은 가루),동결건조 된장국 (컵에 담은 가루),동결건조 된장국 (컵에 담은 가루),동결건조 된장국 (컵에 담은 가루),동결건조 된장국 (컵에 담은 가루),동결건조 된장국 (컵에 담은 가루),동결건조 된장국 (컵에 담은 가루),동결건조 된장국 (컵에 담은 가루),동결건조 된장국 (컵에 담은 가루),
STR_KF_C104,Freeze-dried Doenjang Soup (ready),Freeze-dried Doenjang Soup (ready),Freeze-dried Doenjang Soup (ready),Gefriergetrocknete Doenjang-Suppe (fertig),Сублимированный суп твенджан (готово),Liofilizowana zupa doenjang (gotowe),Freeze-dried Doenjang Soup (ready),Freeze-dried Doenjang Soup (ready),Freeze-dried Doenjang Soup (ready),Freeze-dried Doenjang Soup (ready),凍乾大醬湯 （完成）,フリーズドライ テンジャンスープ （完成）,Sopa de Doenjang Liofilizada (pronta),冻干大酱汤 （完成）,
STR_KF_C104_KO,동결건조 된장국 (완성),동결건조 된장국 (완성),동결건조 된장국 (완성),동결건조 된장국 (완성),동결건조 된장국 (완성),동결건조 된장국 (완성),동결건조 된장국 (완성),동결건조 된장국 (완성),동결건조 된장국 (완성),동결건조 된장국 (완성),동결건조 된장국 (완성),동결건조 된장국 (완성),동결건조 된장국 (완성),동결건조 된장국 (완성),
STR_KF_C105,Freeze-dried Egg Soup,Freeze-dried Egg Soup,Freeze-dried Egg Soup,Gefriergetrocknete Eiersuppe,Сублимированный яичный суп,Liofilizowana zupa jajeczna,Freeze-dried Egg Soup,Freeze-dried Egg Soup,Freeze-dried Egg Soup,Freeze-dried Egg Soup,凍乾蛋花湯,フリーズドライ たまごスープ,Sopa de Ovo Liofilizada,冻干蛋花汤,
STR_KF_C105_KO,동결건조 계란국,동결건조 계란국,동결건조 계란국,동결건조 계란국,동결건조 계란국,동결건조 계란국,동결건조 계란국,동결건조 계란국,동결건조 계란국,동결건조 계란국,동결건조 계란국,동결건조 계란국,동결건조 계란국,동결건조 계란국,
STR_KF_C106,Freeze-dried Egg Soup (powder in cup),Freeze-dried Egg Soup (powder in cup),Freeze-dried Egg Soup (powder in cup),Gefriergetrocknete Eiersuppe (Pulver im Becher),Сублимированный яичный суп (порошок в стакане),Liofilizowana zupa jajeczna (proszek w kubku),Freeze-dried Egg Soup (powder in cup),Freeze-dried Egg Soup (powder in cup),Freeze-dried Egg Soup (powder in cup),Freeze-dried Egg Soup (powder in cup),凍乾蛋花湯 （杯中粉末）,フリーズドライ たまごスープ （カップに粉入り）,Sopa de Ovo Liofilizada (pó no copo),冻干蛋花汤 （杯中粉末）,
STR_KF_C106_KO,동결건조 계란국 (컵에 담은 가루),동결건조 계란국 (컵에 담은 가루),동결건조 계란국 (컵에 담은 가루),동결건조 계란국 (컵에 담은 가루),동결건조 계란국 (컵에 담은 가루),동결건조 계란국 (컵에 담은 가루),동결건조 계란국 (컵에 담은 가루),동결건조 계란국 (컵에 담은 가루),동결건조 계란국 (컵에 담은 가루),동결건조 계란국 (컵에 담은 가루),동결건조 계란국 (컵에 담은 가루),동결건조 계란국 (컵에 담은 가루),동결건조 계란국 (컵에 담은 가루),동결건조 계란국 (컵에 담은 가루),
STR_KF_C107,Freeze-dried Egg Soup (ready),Freeze-dried Egg Soup (ready),Freeze-dried Egg Soup (ready),Gefriergetrocknete Eiersuppe (fertig),Сублимированный яичный суп (готово),Liofilizowana zupa jajeczna (gotowe),Freeze-dried Egg Soup (ready),Freeze-dried Egg Soup (ready),Freeze-dried Egg Soup (ready),Freeze-dried Egg Soup (ready),凍乾蛋花湯 （完成）,フリーズドライ たまごスープ （完成）,Sopa de Ovo Liofilizada (pronta),冻干蛋花汤 （完成）,
STR_KF_C107_KO,동결건조 계란국 (완성),동결건조 계란국 (완성),동결건조 계란국 (완성),동결건조 계란국 (완성),동결건조 계란국 (완성),동결건조 계란국 (완성),동결건조 계란국 (완성),동결건조 계란국 (완성),동결건조 계란국 (완성),동결건조 계란국 (완성),동결건조 계란국 (완성),동결건조 계란국 (완성),동결건조 계란국 (완성),동결건조 계란국 (완성),
STR_KF_C108,Paldo Bibim Men (uncooked),Paldo Bibim Men (uncooked),Paldo Bibim Men (uncooked),Paldo Bibim Men (ungekocht),Пальдо Бибим Мён (не заварено),Paldo Bibim Men (niezaparzone),Paldo Bibim Men (uncooked),Paldo Bibim Men (uncooked),Paldo Bibim Men (uncooked),Paldo Bibim Men (uncooked),八道拌麵 （未調理）,パルドビビン麺 （未調理）,Paldo Bibim Men (não preparado),八道拌面 （未调理）,
STR_KF_C108_KO,팔도비빔면 (미조리),팔도비빔면 (미조리),팔도비빔면 (미조리),팔도비빔면 (미조리),팔도비빔면 (미조리),팔도비빔면 (미조리),팔도비빔면 (미조리),팔도비빔면 (미조리),팔도비빔면 (미조리),팔도비빔면 (미조리),팔도비빔면 (미조리),팔도비빔면 (미조리),팔도비빔면 (미조리),팔도비빔면 (미조리),
STR_KF_C109,Combine with 500 mL of water at 80°C or hotter. Eat with chopsticks once ready.,Combine with 500 mL of water at 80°C or hotter. Eat with chopsticks once ready.,Combine with 500 mL of water at 80°C or hotter. Eat with chopsticks once ready.,Mit 500 mL Wasser von mindestens 80°C kombinieren. Nach der Zubereitung mit Essstäbchen essen.,"Объедините с 500 mL воды температурой от 80°C. Когда будет готово, ешьте палочками.",Połącz z 500 mL wody o temperaturze co najmniej 80°C. Po przygotowaniu jedz pałeczkami.,Combine with 500 mL of water at 80°C or hotter. Eat with chopsticks once ready.,Combine with 500 mL of water at 80°C or hotter. Eat with chopsticks once ready.,Combine with 500 mL of water at 80°C or hotter. Eat with chopsticks once ready.,Combine with 500 mL of water at 80°C or hotter. Eat with chopsticks once ready.,與80°C以上的水500mL組合。完成後用筷子食用。,80°C以上の水500mLと組み合わせます。完成後は箸で食べます。,Combine com 500 mL de água a 80°C ou mais. Coma com hashis quando estiver pronto.,与80°C以上的水500mL组合。完成后用筷子食用。,
STR_KF_C109_KO,80°C 이상 물 500mL와 조합. 완성 후 젓가락으로 먹습니다.,80°C 이상 물 500mL와 조합. 완성 후 젓가락으로 먹습니다.,80°C 이상 물 500mL와 조합. 완성 후 젓가락으로 먹습니다.,80°C 이상 물 500mL와 조합. 완성 후 젓가락으로 먹습니다.,80°C 이상 물 500mL와 조합. 완성 후 젓가락으로 먹습니다.,80°C 이상 물 500mL와 조합. 완성 후 젓가락으로 먹습니다.,80°C 이상 물 500mL와 조합. 완성 후 젓가락으로 먹습니다.,80°C 이상 물 500mL와 조합. 완성 후 젓가락으로 먹습니다.,80°C 이상 물 500mL와 조합. 완성 후 젓가락으로 먹습니다.,80°C 이상 물 500mL와 조합. 완성 후 젓가락으로 먹습니다.,80°C 이상 물 500mL와 조합. 완성 후 젓가락으로 먹습니다.,80°C 이상 물 500mL와 조합. 완성 후 젓가락으로 먹습니다.,80°C 이상 물 500mL와 조합. 완성 후 젓가락으로 먹습니다.,80°C 이상 물 500mL와 조합. 완성 후 젓가락으로 먹습니다.,
STR_KF_C110,Paldo Bibim Men (not drained),Paldo Bibim Men (not drained),Paldo Bibim Men (not drained),Paldo Bibim Men (nicht abgegossen),Пальдо Бибим Мён (вода не слита),Paldo Bibim Men (nieodcedzone),Paldo Bibim Men (not drained),Paldo Bibim Men (not drained),Paldo Bibim Men (not drained),Paldo Bibim Men (not drained),八道拌麵 （未瀝水）,パルドビビン麺 （湯切り前）,Paldo Bibim Men (sem escorrer),八道拌面 （未沥水）,
STR_KF_C110_KO,팔도비빔면 (물 빼기 전),팔도비빔면 (물 빼기 전),팔도비빔면 (물 빼기 전),팔도비빔면 (물 빼기 전),팔도비빔면 (물 빼기 전),팔도비빔면 (물 빼기 전),팔도비빔면 (물 빼기 전),팔도비빔면 (물 빼기 전),팔도비빔면 (물 빼기 전),팔도비빔면 (물 빼기 전),팔도비빔면 (물 빼기 전),팔도비빔면 (물 빼기 전),팔도비빔면 (물 빼기 전),팔도비빔면 (물 빼기 전),
STR_KF_C111,"After softening, drain the water, then mix in the included sauce in the next step.","After softening, drain the water, then mix in the included sauce in the next step.","After softening, drain the water, then mix in the included sauce in the next step.",Nach dem Einweichen das Wasser abgießen und im nächsten Schritt die beiliegende Soße untermischen.,"После размягчения слейте воду, затем на следующем шаге смешайте с соусом из упаковки.","Po zmiękczeniu odcedź wodę, a w następnym kroku wymieszaj z dołączonym sosem.","After softening, drain the water, then mix in the included sauce in the next step.","After softening, drain the water, then mix in the included sauce in the next step.","After softening, drain the water, then mix in the included sauce in the next step.","After softening, drain the water, then mix in the included sauce in the next step.",泡軟後瀝乾水分，下一步再拌入附贈醬料。,戻した後に湯切りし、次の手順で付属のタレを混ぜてください。,"Depois de amolecer, escorra a água e, na próxima etapa, misture o molho incluso.",泡软后沥干水分，下一步再拌入附带的酱料。,
STR_KF_C111_KO,"불린 뒤 물을 빼고, 다음 단계에서 동봉 양념을 섞으세요.","불린 뒤 물을 빼고, 다음 단계에서 동봉 양념을 섞으세요.","불린 뒤 물을 빼고, 다음 단계에서 동봉 양념을 섞으세요.","불린 뒤 물을 빼고, 다음 단계에서 동봉 양념을 섞으세요.","불린 뒤 물을 빼고, 다음 단계에서 동봉 양념을 섞으세요.","불린 뒤 물을 빼고, 다음 단계에서 동봉 양념을 섞으세요.","불린 뒤 물을 빼고, 다음 단계에서 동봉 양념을 섞으세요.","불린 뒤 물을 빼고, 다음 단계에서 동봉 양념을 섞으세요.","불린 뒤 물을 빼고, 다음 단계에서 동봉 양념을 섞으세요.","불린 뒤 물을 빼고, 다음 단계에서 동봉 양념을 섞으세요.","불린 뒤 물을 빼고, 다음 단계에서 동봉 양념을 섞으세요.","불린 뒤 물을 빼고, 다음 단계에서 동봉 양념을 섞으세요.","불린 뒤 물을 빼고, 다음 단계에서 동봉 양념을 섞으세요.","불린 뒤 물을 빼고, 다음 단계에서 동봉 양념을 섞으세요.",
STR_KF_C112,Paldo Bibim Men (sauce not added),Paldo Bibim Men (sauce not added),Paldo Bibim Men (sauce not added),Paldo Bibim Men (ohne Soße),Пальдо Бибим Мён (без соуса),Paldo Bibim Men (bez sosu),Paldo Bibim Men (sauce not added),Paldo Bibim Men (sauce not added),Paldo Bibim Men (sauce not added),Paldo Bibim Men (sauce not added),八道拌麵 （未加醬料）,パルドビビン麺 （タレ未投入）,Paldo Bibim Men (sem molho),八道拌面 （未加酱料）,
STR_KF_C112_KO,팔도비빔면 (양념 넣기 전),팔도비빔면 (양념 넣기 전),팔도비빔면 (양념 넣기 전),팔도비빔면 (양념 넣기 전),팔도비빔면 (양념 넣기 전),팔도비빔면 (양념 넣기 전),팔도비빔면 (양념 넣기 전),팔도비빔면 (양념 넣기 전),팔도비빔면 (양념 넣기 전),팔도비빔면 (양념 넣기 전),팔도비빔면 (양념 넣기 전),팔도비빔면 (양념 넣기 전),팔도비빔면 (양념 넣기 전),팔도비빔면 (양념 넣기 전),
STR_KF_C113,Mix in the included sauce with the Open action.,Mix in the included sauce with the Open action.,Mix in the included sauce with the Open action.,Die beiliegende Soße mit der Aktion Verpackung öffnen untermischen.,Смешайте с соусом из упаковки действием «Открыть упаковку».,Wymieszaj z dołączonym sosem za pomocą akcji „Otwórz opakowanie”.,Mix in the included sauce with the Open action.,Mix in the included sauce with the Open action.,Mix in the included sauce with the Open action.,Mix in the included sauce with the Open action.,使用「打開包裝」動作拌入附贈醬料。,「包装を開ける」アクションで付属のタレを混ぜます。,Misture o molho incluso com a ação Abrir embalagem.,使用“打开包装”动作拌入附带的酱料。,
STR_KF_C113_KO,포장 열기 행동으로 동봉 양념을 섞습니다.,포장 열기 행동으로 동봉 양념을 섞습니다.,포장 열기 행동으로 동봉 양념을 섞습니다.,포장 열기 행동으로 동봉 양념을 섞습니다.,포장 열기 행동으로 동봉 양념을 섞습니다.,포장 열기 행동으로 동봉 양념을 섞습니다.,포장 열기 행동으로 동봉 양념을 섞습니다.,포장 열기 행동으로 동봉 양념을 섞습니다.,포장 열기 행동으로 동봉 양념을 섞습니다.,포장 열기 행동으로 동봉 양념을 섞습니다.,포장 열기 행동으로 동봉 양념을 섞습니다.,포장 열기 행동으로 동봉 양념을 섞습니다.,포장 열기 행동으로 동봉 양념을 섞습니다.,포장 열기 행동으로 동봉 양념을 섞습니다.,
STR_KF_C114,Paldo Bibim Men (ready),Paldo Bibim Men (ready),Paldo Bibim Men (ready),Paldo Bibim Men (fertig),Пальдо Бибим Мён (готово),Paldo Bibim Men (gotowe),Paldo Bibim Men (ready),Paldo Bibim Men (ready),Paldo Bibim Men (ready),Paldo Bibim Men (ready),八道拌麵 （完成）,パルドビビン麺 （完成）,Paldo Bibim Men (pronto),八道拌面 （完成）,
STR_KF_C114_KO,팔도비빔면 (완성),팔도비빔면 (완성),팔도비빔면 (완성),팔도비빔면 (완성),팔도비빔면 (완성),팔도비빔면 (완성),팔도비빔면 (완성),팔도비빔면 (완성),팔도비빔면 (완성),팔도비빔면 (완성),팔도비빔면 (완성),팔도비빔면 (완성),팔도비빔면 (완성),팔도비빔면 (완성),
STR_KF_C115,Bibim noodles drained and mixed with sauce. Chopsticks needed.,Bibim noodles drained and mixed with sauce. Chopsticks needed.,Bibim noodles drained and mixed with sauce. Chopsticks needed.,"Abgegossene Bibim-Nudeln, mit Soße vermischt. Essstäbchen benötigt.","Лапша бибим без воды, смешанная с соусом. Нужны палочки.",Makaron bibim odcedzony i wymieszany z sosem. Potrzebne są pałeczki.,Bibim noodles drained and mixed with sauce. Chopsticks needed.,Bibim noodles drained and mixed with sauce. Chopsticks needed.,Bibim noodles drained and mixed with sauce. Chopsticks needed.,Bibim noodles drained and mixed with sauce. Chopsticks needed.,瀝乾水分並拌入醬料的拌麵。需要筷子。,湯切りしてタレを混ぜたビビン麺。箸が必要です。,Macarrão bibim escorrido e misturado com molho. Hashis necessários.,沥干水分并拌入酱料的拌面。需要筷子。,
STR_KF_C115_KO,물을 빼고 양념을 섞은 비빔면. 젓가락 필요.,물을 빼고 양념을 섞은 비빔면. 젓가락 필요.,물을 빼고 양념을 섞은 비빔면. 젓가락 필요.,물을 빼고 양념을 섞은 비빔면. 젓가락 필요.,물을 빼고 양념을 섞은 비빔면. 젓가락 필요.,물을 빼고 양념을 섞은 비빔면. 젓가락 필요.,물을 빼고 양념을 섞은 비빔면. 젓가락 필요.,물을 빼고 양념을 섞은 비빔면. 젓가락 필요.,물을 빼고 양념을 섞은 비빔면. 젓가락 필요.,물을 빼고 양념을 섞은 비빔면. 젓가락 필요.,물을 빼고 양념을 섞은 비빔면. 젓가락 필요.,물을 빼고 양념을 섞은 비빔면. 젓가락 필요.,물을 빼고 양념을 섞은 비빔면. 젓가락 필요.,물을 빼고 양념을 섞은 비빔면. 젓가락 필요.,
STR_KF_C116,Neoguri (uncooked),Neoguri (uncooked),Neoguri (uncooked),Neoguri (ungekocht),Ногури (не заварено),Neoguri (niezaparzone),Neoguri (uncooked),Neoguri (uncooked),Neoguri (uncooked),Neoguri (uncooked),浣熊烏龍麵 （未調理）,ノグリ （未調理）,Neoguri (não preparado),浣熊乌冬面 （未调理）,
STR_KF_C116_KO,너구리 (미조리),너구리 (미조리),너구리 (미조리),너구리 (미조리),너구리 (미조리),너구리 (미조리),너구리 (미조리),너구리 (미조리),너구리 (미조리),너구리 (미조리),너구리 (미조리),너구리 (미조리),너구리 (미조리),너구리 (미조리),
STR_KF_C117,Neoguri,Neoguri,Neoguri,Neoguri,Ногури,Neoguri,Neoguri,Neoguri,Neoguri,Neoguri,浣熊烏龍麵,ノグリ,Neoguri,浣熊乌冬面,
STR_KF_C117_KO,너구리,너구리,너구리,너구리,너구리,너구리,너구리,너구리,너구리,너구리,너구리,너구리,너구리,너구리,
STR_KF_C118,Sesame Ramen (uncooked),Sesame Ramen (uncooked),Sesame Ramen (uncooked),Sesam-Ramen (ungekocht),Кунжутный рамен (не заварено),Ramen sezamowy (niezaparzone),Sesame Ramen (uncooked),Sesame Ramen (uncooked),Sesame Ramen (uncooked),Sesame Ramen (uncooked),芝麻拉麵 （未調理）,ごまラーメン （未調理）,Lámen de Gergelim (não preparado),芝麻拉面 （未调理）,
STR_KF_C118_KO,참깨라면 (미조리),참깨라면 (미조리),참깨라면 (미조리),참깨라면 (미조리),참깨라면 (미조리),참깨라면 (미조리),참깨라면 (미조리),참깨라면 (미조리),참깨라면 (미조리),참깨라면 (미조리),참깨라면 (미조리),참깨라면 (미조리),참깨라면 (미조리),참깨라면 (미조리),
STR_KF_C119,Sesame Ramen,Sesame Ramen,Sesame Ramen,Sesam-Ramen,Кунжутный рамен,Ramen sezamowy,Sesame Ramen,Sesame Ramen,Sesame Ramen,Sesame Ramen,芝麻拉麵,ごまラーメン,Lámen de Gergelim,芝麻拉面,
STR_KF_C119_KO,참깨라면,참깨라면,참깨라면,참깨라면,참깨라면,참깨라면,참깨라면,참깨라면,참깨라면,참깨라면,참깨라면,참깨라면,참깨라면,참깨라면,
STR_KF_C120,Tempura Udon (uncooked),Tempura Udon (uncooked),Tempura Udon (uncooked),Tempura-Udon (ungekocht),Удон с темпурой (не заварено),Udon z tempurą (niezaparzone),Tempura Udon (uncooked),Tempura Udon (uncooked),Tempura Udon (uncooked),Tempura Udon (uncooked),天婦羅烏龍麵 （未調理）,天ぷらうどん （未調理）,Udon Tempurá (não preparado),天妇罗乌冬面 （未调理）,
STR_KF_C120_KO,튀김우동 (미조리),튀김우동 (미조리),튀김우동 (미조리),튀김우동 (미조리),튀김우동 (미조리),튀김우동 (미조리),튀김우동 (미조리),튀김우동 (미조리),튀김우동 (미조리),튀김우동 (미조리),튀김우동 (미조리),튀김우동 (미조리),튀김우동 (미조리),튀김우동 (미조리),
STR_KF_C121,Tempura Udon,Tempura Udon,Tempura Udon,Tempura-Udon,Удон с темпурой,Udon z tempurą,Tempura Udon,Tempura Udon,Tempura Udon,Tempura Udon,天婦羅烏龍麵,天ぷらうどん,Udon Tempurá,天妇罗乌冬面,
STR_KF_C121_KO,튀김우동,튀김우동,튀김우동,튀김우동,튀김우동,튀김우동,튀김우동,튀김우동,튀김우동,튀김우동,튀김우동,튀김우동,튀김우동,튀김우동,
STR_KF_C122,Jwipo (Dried Filefish),Jwipo (Dried Filefish),Jwipo (Dried Filefish),Jwipo (getrockneter Feilenfisch),Чвипо (сушёная рыба),Jwipo (suszona ryba),Jwipo (Dried Filefish),Jwipo (Dried Filefish),Jwipo (Dried Filefish),Jwipo (Dried Filefish),馬面魚片,カワハギ干し,Jwipo (peixe-porco seco),马面鱼片,
STR_KF_C122_KO,쥐포,쥐포,쥐포,쥐포,쥐포,쥐포,쥐포,쥐포,쥐포,쥐포,쥐포,쥐포,쥐포,쥐포,
STR_KF_C123,Opening the bag gives four sheets of jwipo.,Opening the bag gives four sheets of jwipo.,Opening the bag gives four sheets of jwipo.,Beim Öffnen der Tüte erhält man vier Scheiben Jwipo.,В пакете четыре пластинки чвипо.,Po otwarciu torebki otrzymasz cztery płaty jwipo.,Opening the bag gives four sheets of jwipo.,Opening the bag gives four sheets of jwipo.,Opening the bag gives four sheets of jwipo.,Opening the bag gives four sheets of jwipo.,打開袋子會得到4片馬面魚片。,袋を開けるとカワハギ干しが4枚出てきます。,"Ao abrir o pacote, saem quatro folhas de jwipo.",打开袋子会得到4片马面鱼片。,
STR_KF_C123_KO,봉지를 열면 쥐포 네 장이 나옵니다.,봉지를 열면 쥐포 네 장이 나옵니다.,봉지를 열면 쥐포 네 장이 나옵니다.,봉지를 열면 쥐포 네 장이 나옵니다.,봉지를 열면 쥐포 네 장이 나옵니다.,봉지를 열면 쥐포 네 장이 나옵니다.,봉지를 열면 쥐포 네 장이 나옵니다.,봉지를 열면 쥐포 네 장이 나옵니다.,봉지를 열면 쥐포 네 장이 나옵니다.,봉지를 열면 쥐포 네 장이 나옵니다.,봉지를 열면 쥐포 네 장이 나옵니다.,봉지를 열면 쥐포 네 장이 나옵니다.,봉지를 열면 쥐포 네 장이 나옵니다.,봉지를 열면 쥐포 네 장이 나옵니다.,
STR_KF_C124,"Jwipo, one sheet","Jwipo, one sheet","Jwipo, one sheet","Jwipo, eine Scheibe","Чвипо, одна пластинка","Jwipo, jeden płat","Jwipo, one sheet","Jwipo, one sheet","Jwipo, one sheet","Jwipo, one sheet",馬面魚片 一片,カワハギ干し 1枚,"Jwipo, uma folha",马面鱼片 一片,
STR_KF_C124_KO,쥐포 한 장,쥐포 한 장,쥐포 한 장,쥐포 한 장,쥐포 한 장,쥐포 한 장,쥐포 한 장,쥐포 한 장,쥐포 한 장,쥐포 한 장,쥐포 한 장,쥐포 한 장,쥐포 한 장,쥐포 한 장,
STR_KF_C125,Roasted Black Soybeans,Roasted Black Soybeans,Roasted Black Soybeans,Geröstete schwarze Sojabohnen,Жареные чёрные соевые бобы,Prażona czarna soja,Roasted Black Soybeans,Roasted Black Soybeans,Roasted Black Soybeans,Roasted Black Soybeans,炒黑豆,炒り黒豆,Soja Preta Torrada,炒黑豆,
STR_KF_C125_KO,볶은 검은콩,볶은 검은콩,볶은 검은콩,볶은 검은콩,볶은 검은콩,볶은 검은콩,볶은 검은콩,볶은 검은콩,볶은 검은콩,볶은 검은콩,볶은 검은콩,볶은 검은콩,볶은 검은콩,볶은 검은콩,
STR_KF_C126,Roasted Black Soybeans (opened),Roasted Black Soybeans (opened),Roasted Black Soybeans (opened),Geröstete schwarze Sojabohnen (geöffnet),Жареные чёрные соевые бобы (открыто),Prażona czarna soja (otwarte),Roasted Black Soybeans (opened),Roasted Black Soybeans (opened),Roasted Black Soybeans (opened),Roasted Black Soybeans (opened),炒黑豆 （已開封）,炒り黒豆 （開封済み）,Soja Preta Torrada (aberta),炒黑豆 （已开封）,
STR_KF_C126_KO,볶은 검은콩 (개봉),볶은 검은콩 (개봉),볶은 검은콩 (개봉),볶은 검은콩 (개봉),볶은 검은콩 (개봉),볶은 검은콩 (개봉),볶은 검은콩 (개봉),볶은 검은콩 (개봉),볶은 검은콩 (개봉),볶은 검은콩 (개봉),볶은 검은콩 (개봉),볶은 검은콩 (개봉),볶은 검은콩 (개봉),볶은 검은콩 (개봉),
STR_KF_C127,"Pine Nuts, small pack","Pine Nuts, small pack","Pine Nuts, small pack","Pinienkerne, kleine Packung","Кедровые орехи, маленькая упаковка","Orzeszki piniowe, małe opakowanie","Pine Nuts, small pack","Pine Nuts, small pack","Pine Nuts, small pack","Pine Nuts, small pack",松子 小包裝,松の実 小袋,"Pinhões, pacote pequeno",松子 小包装,
STR_KF_C127_KO,잣 소포장,잣 소포장,잣 소포장,잣 소포장,잣 소포장,잣 소포장,잣 소포장,잣 소포장,잣 소포장,잣 소포장,잣 소포장,잣 소포장,잣 소포장,잣 소포장,
STR_KF_C128,"Pine Nuts, small pack (opened)","Pine Nuts, small pack (opened)","Pine Nuts, small pack (opened)","Pinienkerne, kleine Packung (geöffnet)","Кедровые орехи, маленькая упаковка (открыто)","Orzeszki piniowe, małe opakowanie (otwarte)","Pine Nuts, small pack (opened)","Pine Nuts, small pack (opened)","Pine Nuts, small pack (opened)","Pine Nuts, small pack (opened)",松子 小包裝 （已開封）,松の実 小袋 （開封済み）,"Pinhões, pacote pequeno (aberto)",松子 小包装 （已开封）,
STR_KF_C128_KO,잣 소포장 (개봉),잣 소포장 (개봉),잣 소포장 (개봉),잣 소포장 (개봉),잣 소포장 (개봉),잣 소포장 (개봉),잣 소포장 (개봉),잣 소포장 (개봉),잣 소포장 (개봉),잣 소포장 (개봉),잣 소포장 (개봉),잣 소포장 (개봉),잣 소포장 (개봉),잣 소포장 (개봉),
STR_KF_C129,Jocheong Yugwa,Jocheong Yugwa,Jocheong Yugwa,Jocheong Yugwa,Чочхон югва,Jocheong Yugwa,Jocheong Yugwa,Jocheong Yugwa,Jocheong Yugwa,Jocheong Yugwa,麥芽糖油果,チョチョン ユグァ,Jocheong Yugwa,麦芽糖油果,
STR_KF_C129_KO,조청유과,조청유과,조청유과,조청유과,조청유과,조청유과,조청유과,조청유과,조청유과,조청유과,조청유과,조청유과,조청유과,조청유과,
STR_KF_C130,Jocheong Yugwa (opened),Jocheong Yugwa (opened),Jocheong Yugwa (opened),Jocheong Yugwa (geöffnet),Чочхон югва (открыто),Jocheong Yugwa (otwarte),Jocheong Yugwa (opened),Jocheong Yugwa (opened),Jocheong Yugwa (opened),Jocheong Yugwa (opened),麥芽糖油果 （已開封）,チョチョン ユグァ （開封済み）,Jocheong Yugwa (aberto),麦芽糖油果 （已开封）,
STR_KF_C130_KO,조청유과 (개봉),조청유과 (개봉),조청유과 (개봉),조청유과 (개봉),조청유과 (개봉),조청유과 (개봉),조청유과 (개봉),조청유과 (개봉),조청유과 (개봉),조청유과 (개봉),조청유과 (개봉),조청유과 (개봉),조청유과 (개봉),조청유과 (개봉),
STR_KF_C131,Peanut Gangjeong,Peanut Gangjeong,Peanut Gangjeong,Erdnuss-Gangjeong,Арахисовый канджон,Gangjeong z orzeszków ziemnych,Peanut Gangjeong,Peanut Gangjeong,Peanut Gangjeong,Peanut Gangjeong,花生糖,ピーナッツおこし,Gangjeong de Amendoim,花生糖,
STR_KF_C131_KO,땅콩강정,땅콩강정,땅콩강정,땅콩강정,땅콩강정,땅콩강정,땅콩강정,땅콩강정,땅콩강정,땅콩강정,땅콩강정,땅콩강정,땅콩강정,땅콩강정,
STR_KF_C132,Peanut Gangjeong (opened),Peanut Gangjeong (opened),Peanut Gangjeong (opened),Erdnuss-Gangjeong (geöffnet),Арахисовый канджон (открыто),Gangjeong z orzeszków ziemnych (otwarte),Peanut Gangjeong (opened),Peanut Gangjeong (opened),Peanut Gangjeong (opened),Peanut Gangjeong (opened),花生糖 （已開封）,ピーナッツおこし （開封済み）,Gangjeong de Amendoim (aberto),花生糖 （已开封）,
STR_KF_C132_KO,땅콩강정 (개봉),땅콩강정 (개봉),땅콩강정 (개봉),땅콩강정 (개봉),땅콩강정 (개봉),땅콩강정 (개봉),땅콩강정 (개봉),땅콩강정 (개봉),땅콩강정 (개봉),땅콩강정 (개봉),땅콩강정 (개봉),땅콩강정 (개봉),땅콩강정 (개봉),땅콩강정 (개봉),
STR_KF_C133,Dalgona,Dalgona,Dalgona,Dalgona,Дальгона,Dalgona,Dalgona,Dalgona,Dalgona,Dalgona,椪糖,タルゴナ,Dalgona,碰糖,
STR_KF_C133_KO,달고나,달고나,달고나,달고나,달고나,달고나,달고나,달고나,달고나,달고나,달고나,달고나,달고나,달고나,
STR_KF_C134,Dalgona (opened),Dalgona (opened),Dalgona (opened),Dalgona (geöffnet),Дальгона (открыто),Dalgona (otwarte),Dalgona (opened),Dalgona (opened),Dalgona (opened),Dalgona (opened),椪糖 （已開封）,タルゴナ （開封済み）,Dalgona (aberto),碰糖 （已开封）,
STR_KF_C134_KO,달고나 (개봉),달고나 (개봉),달고나 (개봉),달고나 (개봉),달고나 (개봉),달고나 (개봉),달고나 (개봉),달고나 (개봉),달고나 (개봉),달고나 (개봉),달고나 (개봉),달고나 (개봉),달고나 (개봉),달고나 (개봉),
STR_KF_C135,Saeukkang (Shrimp Crackers),Saeukkang (Shrimp Crackers),Saeukkang (Shrimp Crackers),Saeukkang (Garnelenchips),Сэуккан (креветочные чипсы),Saeukkang (chrupki krewetkowe),Saeukkang (Shrimp Crackers),Saeukkang (Shrimp Crackers),Saeukkang (Shrimp Crackers),Saeukkang (Shrimp Crackers),鮮蝦條,セウカン（えびせん）,Saeukkang (salgadinho de camarão),鲜虾条,
STR_KF_C135_KO,새우깡,새우깡,새우깡,새우깡,새우깡,새우깡,새우깡,새우깡,새우깡,새우깡,새우깡,새우깡,새우깡,새우깡,
STR_KF_C136,Saeukkang (Shrimp Crackers) (opened),Saeukkang (Shrimp Crackers) (opened),Saeukkang (Shrimp Crackers) (opened),Saeukkang (Garnelenchips) (geöffnet),Сэуккан (креветочные чипсы) (открыто),Saeukkang (chrupki krewetkowe) (otwarte),Saeukkang (Shrimp Crackers) (opened),Saeukkang (Shrimp Crackers) (opened),Saeukkang (Shrimp Crackers) (opened),Saeukkang (Shrimp Crackers) (opened),鮮蝦條 （已開封）,セウカン（えびせん） （開封済み）,Saeukkang (salgadinho de camarão) (aberto),鲜虾条 （已开封）,
STR_KF_C136_KO,새우깡 (개봉),새우깡 (개봉),새우깡 (개봉),새우깡 (개봉),새우깡 (개봉),새우깡 (개봉),새우깡 (개봉),새우깡 (개봉),새우깡 (개봉),새우깡 (개봉),새우깡 (개봉),새우깡 (개봉),새우깡 (개봉),새우깡 (개봉),
STR_KF_C137,Squid Peanut Balls,Squid Peanut Balls,Squid Peanut Balls,Tintenfisch-Erdnussbällchen,Арахисовые шарики со вкусом кальмара,Kulki orzechowe o smaku kałamarnicy,Squid Peanut Balls,Squid Peanut Balls,Squid Peanut Balls,Squid Peanut Balls,魷魚花生球,イカピーナッツ,Bolinhas de Amendoim sabor Lula,鱿鱼花生球,
STR_KF_C137_KO,오징어땅콩,오징어땅콩,오징어땅콩,오징어땅콩,오징어땅콩,오징어땅콩,오징어땅콩,오징어땅콩,오징어땅콩,오징어땅콩,오징어땅콩,오징어땅콩,오징어땅콩,오징어땅콩,
STR_KF_C138,Squid Peanut Balls (opened),Squid Peanut Balls (opened),Squid Peanut Balls (opened),Tintenfisch-Erdnussbällchen (geöffnet),Арахисовые шарики со вкусом кальмара (открыто),Kulki orzechowe o smaku kałamarnicy (otwarte),Squid Peanut Balls (opened),Squid Peanut Balls (opened),Squid Peanut Balls (opened),Squid Peanut Balls (opened),魷魚花生球 （已開封）,イカピーナッツ （開封済み）,Bolinhas de Amendoim sabor Lula (abertas),鱿鱼花生球 （已开封）,
STR_KF_C138_KO,오징어땅콩 (개봉),오징어땅콩 (개봉),오징어땅콩 (개봉),오징어땅콩 (개봉),오징어땅콩 (개봉),오징어땅콩 (개봉),오징어땅콩 (개봉),오징어땅콩 (개봉),오징어땅콩 (개봉),오징어땅콩 (개봉),오징어땅콩 (개봉),오징어땅콩 (개봉),오징어땅콩 (개봉),오징어땅콩 (개봉),
STR_KF_C139,Gosomi Crackers,Gosomi Crackers,Gosomi Crackers,Gosomi-Cracker,Крекеры Госоми,Krakersy Gosomi,Gosomi Crackers,Gosomi Crackers,Gosomi Crackers,Gosomi Crackers,Gosomi 餅乾,ゴソミ クラッカー,Biscoito Gosomi,Gosomi 饼干,
STR_KF_C139_KO,고소미,고소미,고소미,고소미,고소미,고소미,고소미,고소미,고소미,고소미,고소미,고소미,고소미,고소미,
STR_KF_C140,Gosomi Crackers (opened),Gosomi Crackers (opened),Gosomi Crackers (opened),Gosomi-Cracker (geöffnet),Крекеры Госоми (открыто),Krakersy Gosomi (otwarte),Gosomi Crackers (opened),Gosomi Crackers (opened),Gosomi Crackers (opened),Gosomi Crackers (opened),Gosomi 餅乾 （已開封）,ゴソミ クラッカー （開封済み）,Biscoito Gosomi (aberto),Gosomi 饼干 （已开封）,
STR_KF_C140_KO,고소미 (개봉),고소미 (개봉),고소미 (개봉),고소미 (개봉),고소미 (개봉),고소미 (개봉),고소미 (개봉),고소미 (개봉),고소미 (개봉),고소미 (개봉),고소미 (개봉),고소미 (개봉),고소미 (개봉),고소미 (개봉),
STR_KF_C141,Diget Choco,Diget Choco,Diget Choco,Diget Choco,Дайджет Чоко,Diget Choco,Diget Choco,Diget Choco,Diget Choco,Diget Choco,Diget 巧克力消化餅,ダイジェ チョコ,Diget Choco,Diget 巧克力消化饼,
STR_KF_C141_KO,다이제 초코,다이제 초코,다이제 초코,다이제 초코,다이제 초코,다이제 초코,다이제 초코,다이제 초코,다이제 초코,다이제 초코,다이제 초코,다이제 초코,다이제 초코,다이제 초코,
STR_KF_C142,Diget Choco (opened),Diget Choco (opened),Diget Choco (opened),Diget Choco (geöffnet),Дайджет Чоко (открыто),Diget Choco (otwarte),Diget Choco (opened),Diget Choco (opened),Diget Choco (opened),Diget Choco (opened),Diget 巧克力消化餅 （已開封）,ダイジェ チョコ （開封済み）,Diget Choco (aberto),Diget 巧克力消化饼 （已开封）,
STR_KF_C142_KO,다이제 초코 (개봉),다이제 초코 (개봉),다이제 초코 (개봉),다이제 초코 (개봉),다이제 초코 (개봉),다이제 초코 (개봉),다이제 초코 (개봉),다이제 초코 (개봉),다이제 초코 (개봉),다이제 초코 (개봉),다이제 초코 (개봉),다이제 초코 (개봉),다이제 초코 (개봉),다이제 초코 (개봉),
STR_KF_C143,Ghana Chocolate,Ghana Chocolate,Ghana Chocolate,Ghana Schokolade,Шоколад Гана,Czekolada Ghana,Ghana Chocolate,Ghana Chocolate,Ghana Chocolate,Ghana Chocolate,迦納巧克力,ガーナチョコレート,Chocolate Ghana,加纳巧克力,
STR_KF_C143_KO,가나 초콜릿,가나 초콜릿,가나 초콜릿,가나 초콜릿,가나 초콜릿,가나 초콜릿,가나 초콜릿,가나 초콜릿,가나 초콜릿,가나 초콜릿,가나 초콜릿,가나 초콜릿,가나 초콜릿,가나 초콜릿,
STR_KF_C144,Ghana Chocolate (opened),Ghana Chocolate (opened),Ghana Chocolate (opened),Ghana Schokolade (geöffnet),Шоколад Гана (открыто),Czekolada Ghana (otwarte),Ghana Chocolate (opened),Ghana Chocolate (opened),Ghana Chocolate (opened),Ghana Chocolate (opened),迦納巧克力 （已開封）,ガーナチョコレート （開封済み）,Chocolate Ghana (aberto),加纳巧克力 （已开封）,
STR_KF_C144_KO,가나 초콜릿 (개봉),가나 초콜릿 (개봉),가나 초콜릿 (개봉),가나 초콜릿 (개봉),가나 초콜릿 (개봉),가나 초콜릿 (개봉),가나 초콜릿 (개봉),가나 초콜릿 (개봉),가나 초콜릿 (개봉),가나 초콜릿 (개봉),가나 초콜릿 (개봉),가나 초콜릿 (개봉),가나 초콜릿 (개봉),가나 초콜릿 (개봉),
STR_KF_C145,Pepero Original,Pepero Original,Pepero Original,Pepero Original,Пеперо Ориджинал,Pepero Original,Pepero Original,Pepero Original,Pepero Original,Pepero Original,Pepero 巧克力棒,ペペロ チョコ,Pepero Original,Pepero 巧克力棒,
STR_KF_C145_KO,빼빼로 초코,빼빼로 초코,빼빼로 초코,빼빼로 초코,빼빼로 초코,빼빼로 초코,빼빼로 초코,빼빼로 초코,빼빼로 초코,빼빼로 초코,빼빼로 초코,빼빼로 초코,빼빼로 초코,빼빼로 초코,
STR_KF_C146,Pepero Original (opened),Pepero Original (opened),Pepero Original (opened),Pepero Original (geöffnet),Пеперо Ориджинал (открыто),Pepero Original (otwarte),Pepero Original (opened),Pepero Original (opened),Pepero Original (opened),Pepero Original (opened),Pepero 巧克力棒 （已開封）,ペペロ チョコ （開封済み）,Pepero Original (aberto),Pepero 巧克力棒 （已开封）,
STR_KF_C146_KO,빼빼로 초코 (개봉),빼빼로 초코 (개봉),빼빼로 초코 (개봉),빼빼로 초코 (개봉),빼빼로 초코 (개봉),빼빼로 초코 (개봉),빼빼로 초코 (개봉),빼빼로 초코 (개봉),빼빼로 초코 (개봉),빼빼로 초코 (개봉),빼빼로 초코 (개봉),빼빼로 초코 (개봉),빼빼로 초코 (개봉),빼빼로 초코 (개봉),
STR_KF_C147,Home Run Ball,Home Run Ball,Home Run Ball,Home Run Ball,Хоум Ран Болл,Home Run Ball,Home Run Ball,Home Run Ball,Home Run Ball,Home Run Ball,Home Run Ball 泡芙,ホームランボール,Home Run Ball,Home Run Ball 泡芙,
STR_KF_C147_KO,홈런볼,홈런볼,홈런볼,홈런볼,홈런볼,홈런볼,홈런볼,홈런볼,홈런볼,홈런볼,홈런볼,홈런볼,홈런볼,홈런볼,
STR_KF_C148,Home Run Ball (opened),Home Run Ball (opened),Home Run Ball (opened),Home Run Ball (geöffnet),Хоум Ран Болл (открыто),Home Run Ball (otwarte),Home Run Ball (opened),Home Run Ball (opened),Home Run Ball (opened),Home Run Ball (opened),Home Run Ball 泡芙 （已開封）,ホームランボール （開封済み）,Home Run Ball (aberto),Home Run Ball 泡芙 （已开封）,
STR_KF_C148_KO,홈런볼 (개봉),홈런볼 (개봉),홈런볼 (개봉),홈런볼 (개봉),홈런볼 (개봉),홈런볼 (개봉),홈런볼 (개봉),홈런볼 (개봉),홈런볼 (개봉),홈런볼 (개봉),홈런볼 (개봉),홈런볼 (개봉),홈런볼 (개봉),홈런볼 (개봉),
STR_KF_C149,Matdongsan,Matdongsan,Matdongsan,Matdongsan,Матдонсан,Matdongsan,Matdongsan,Matdongsan,Matdongsan,Matdongsan,Matdongsan 花生酥,マットンサン,Matdongsan,Matdongsan 花生酥,
STR_KF_C149_KO,맛동산,맛동산,맛동산,맛동산,맛동산,맛동산,맛동산,맛동산,맛동산,맛동산,맛동산,맛동산,맛동산,맛동산,
STR_KF_C150,Matdongsan (opened),Matdongsan (opened),Matdongsan (opened),Matdongsan (geöffnet),Матдонсан (открыто),Matdongsan (otwarte),Matdongsan (opened),Matdongsan (opened),Matdongsan (opened),Matdongsan (opened),Matdongsan 花生酥 （已開封）,マットンサン （開封済み）,Matdongsan (aberto),Matdongsan 花生酥 （已开封）,
STR_KF_C150_KO,맛동산 (개봉),맛동산 (개봉),맛동산 (개봉),맛동산 (개봉),맛동산 (개봉),맛동산 (개봉),맛동산 (개봉),맛동산 (개봉),맛동산 (개봉),맛동산 (개봉),맛동산 (개봉),맛동산 (개봉),맛동산 (개봉),맛동산 (개봉),
STR_KF_C151,Dr. You Energy Bar,Dr. You Energy Bar,Dr. You Energy Bar,Dr. You Energieriegel,Энергетический батончик Доктор Ю,Baton energetyczny Dr. You,Dr. You Energy Bar,Dr. You Energy Bar,Dr. You Energy Bar,Dr. You Energy Bar,Dr.You 能量棒,ドクターユー エナジーバー,Barra Energética Dr. You,Dr.You 能量棒,
STR_KF_C151_KO,닥터유 에너지바,닥터유 에너지바,닥터유 에너지바,닥터유 에너지바,닥터유 에너지바,닥터유 에너지바,닥터유 에너지바,닥터유 에너지바,닥터유 에너지바,닥터유 에너지바,닥터유 에너지바,닥터유 에너지바,닥터유 에너지바,닥터유 에너지바,
STR_KF_C152,Dr. You Energy Bar (opened),Dr. You Energy Bar (opened),Dr. You Energy Bar (opened),Dr. You Energieriegel (geöffnet),Энергетический батончик Доктор Ю (открыто),Baton energetyczny Dr. You (otwarte),Dr. You Energy Bar (opened),Dr. You Energy Bar (opened),Dr. You Energy Bar (opened),Dr. You Energy Bar (opened),Dr.You 能量棒 （已開封）,ドクターユー エナジーバー （開封済み）,Barra Energética Dr. You (aberta),Dr.You 能量棒 （已开封）,
STR_KF_C152_KO,닥터유 에너지바 (개봉),닥터유 에너지바 (개봉),닥터유 에너지바 (개봉),닥터유 에너지바 (개봉),닥터유 에너지바 (개봉),닥터유 에너지바 (개봉),닥터유 에너지바 (개봉),닥터유 에너지바 (개봉),닥터유 에너지바 (개봉),닥터유 에너지바 (개봉),닥터유 에너지바 (개봉),닥터유 에너지바 (개봉),닥터유 에너지바 (개봉),닥터유 에너지바 (개봉),
STR_KF_C153,Sikhye Can,Sikhye Can,Sikhye Can,Dose Sikhye,Сикхе в банке,Sikhye w puszce,Sikhye Can,Sikhye Can,Sikhye Can,Sikhye Can,甜米露 罐裝,シッケ 缶,Lata de Sikhye,甜米露 罐装,
STR_KF_C153_KO,식혜 캔,식혜 캔,식혜 캔,식혜 캔,식혜 캔,식혜 캔,식혜 캔,식혜 캔,식혜 캔,식혜 캔,식혜 캔,식혜 캔,식혜 캔,식혜 캔,
STR_KF_C154,A drink. The container disappears once finished. Contents and nutrition values are set for game balance.,A drink. The container disappears once finished. Contents and nutrition values are set for game balance.,A drink. The container disappears once finished. Contents and nutrition values are set for game balance.,Ein Getränk. Der Behälter verschwindet nach dem Austrinken. Inhalt und Nährwerte sind für die Spielbalance festgelegt.,"Напиток. Когда он выпит, тара исчезает. Содержимое и пищевая ценность подобраны для игрового баланса.",Napój. Pojemnik znika po wypiciu. Zawartość i wartości odżywcze ustawiono dla balansu gry.,A drink. The container disappears once finished. Contents and nutrition values are set for game balance.,A drink. The container disappears once finished. Contents and nutrition values are set for game balance.,A drink. The container disappears once finished. Contents and nutrition values are set for game balance.,A drink. The container disappears once finished. Contents and nutrition values are set for game balance.,可飲用的飲料。喝完後容器會消失。內容量與營養數值為遊戲平衡設定。,飲める飲料。飲み終えると容器は消えます。内容量と栄養値はゲームバランス用です。,Uma bebida. O recipiente desaparece ao terminar. O conteúdo e os valores nutricionais são definidos para o equilíbrio do jogo.,可饮用的饮料。喝完后容器会消失。内容量与营养数值为游戏平衡设定。,
STR_KF_C154_KO,마실 수 있는 음료. 다 마시면 용기는 사라집니다. 내용량과 영양 수치는 게임 균형용입니다.,마실 수 있는 음료. 다 마시면 용기는 사라집니다. 내용량과 영양 수치는 게임 균형용입니다.,마실 수 있는 음료. 다 마시면 용기는 사라집니다. 내용량과 영양 수치는 게임 균형용입니다.,마실 수 있는 음료. 다 마시면 용기는 사라집니다. 내용량과 영양 수치는 게임 균형용입니다.,마실 수 있는 음료. 다 마시면 용기는 사라집니다. 내용량과 영양 수치는 게임 균형용입니다.,마실 수 있는 음료. 다 마시면 용기는 사라집니다. 내용량과 영양 수치는 게임 균형용입니다.,마실 수 있는 음료. 다 마시면 용기는 사라집니다. 내용량과 영양 수치는 게임 균형용입니다.,마실 수 있는 음료. 다 마시면 용기는 사라집니다. 내용량과 영양 수치는 게임 균형용입니다.,마실 수 있는 음료. 다 마시면 용기는 사라집니다. 내용량과 영양 수치는 게임 균형용입니다.,마실 수 있는 음료. 다 마시면 용기는 사라집니다. 내용량과 영양 수치는 게임 균형용입니다.,마실 수 있는 음료. 다 마시면 용기는 사라집니다. 내용량과 영양 수치는 게임 균형용입니다.,마실 수 있는 음료. 다 마시면 용기는 사라집니다. 내용량과 영양 수치는 게임 균형용입니다.,마실 수 있는 음료. 다 마시면 용기는 사라집니다. 내용량과 영양 수치는 게임 균형용입니다.,마실 수 있는 음료. 다 마시면 용기는 사라집니다. 내용량과 영양 수치는 게임 균형용입니다.,
STR_KF_C155,Sujeonggwa Can,Sujeonggwa Can,Sujeonggwa Can,Dose Sujeonggwa,Суджонгва в банке,Sujeonggwa w puszce,Sujeonggwa Can,Sujeonggwa Can,Sujeonggwa Can,Sujeonggwa Can,水正果 罐裝,スジョングァ 缶,Lata de Sujeonggwa,水正果 罐装,
STR_KF_C155_KO,수정과 캔,수정과 캔,수정과 캔,수정과 캔,수정과 캔,수정과 캔,수정과 캔,수정과 캔,수정과 캔,수정과 캔,수정과 캔,수정과 캔,수정과 캔,수정과 캔,
STR_KF_C156,Crushed Pear Drink Can,Crushed Pear Drink Can,Crushed Pear Drink Can,Dose Birnensaft mit Fruchtmark,Грушевый напиток с мякотью в банке,Napój z tartej gruszki w puszce,Crushed Pear Drink Can,Crushed Pear Drink Can,Crushed Pear Drink Can,Crushed Pear Drink Can,梨汁 罐裝,すりおろし梨ジュース 缶,Lata de Suco de Pera Ralada,梨汁 罐装,
STR_KF_C156_KO,갈아만든 배 캔,갈아만든 배 캔,갈아만든 배 캔,갈아만든 배 캔,갈아만든 배 캔,갈아만든 배 캔,갈아만든 배 캔,갈아만든 배 캔,갈아만든 배 캔,갈아만든 배 캔,갈아만든 배 캔,갈아만든 배 캔,갈아만든 배 캔,갈아만든 배 캔,
STR_KF_C157,Barley Tea Bag Box,Barley Tea Bag Box,Barley Tea Bag Box,Schachtel Gerstentee-Beutel,Коробка ячменного чая в пакетиках,Pudełko herbaty jęczmiennej w torebkach,Barley Tea Bag Box,Barley Tea Bag Box,Barley Tea Bag Box,Barley Tea Bag Box,大麥茶茶包盒,麦茶ティーバッグ 箱,Caixa de Sachês de Chá de Cevada,大麦茶茶包盒,
STR_KF_C157_KO,보리차 티백 상자,보리차 티백 상자,보리차 티백 상자,보리차 티백 상자,보리차 티백 상자,보리차 티백 상자,보리차 티백 상자,보리차 티백 상자,보리차 티백 상자,보리차 티백 상자,보리차 티백 상자,보리차 티백 상자,보리차 티백 상자,보리차 티백 상자,
STR_KF_C158,30 tea bags by game rules. Combine with an empty paper cup to use one at a time.,30 tea bags by game rules. Combine with an empty paper cup to use one at a time.,30 tea bags by game rules. Combine with an empty paper cup to use one at a time.,"30 Teebeutel nach Spielregeln. Mit einem leeren Pappbecher kombinieren, um jeweils einen zu verwenden.","30 пакетиков по игровым правилам. Объедините с пустым бумажным стаканом, чтобы использовать по одному.","30 torebek według zasad gry. Połącz z pustym papierowym kubkiem, aby użyć po jednej.",30 tea bags by game rules. Combine with an empty paper cup to use one at a time.,30 tea bags by game rules. Combine with an empty paper cup to use one at a time.,30 tea bags by game rules. Combine with an empty paper cup to use one at a time.,30 tea bags by game rules. Combine with an empty paper cup to use one at a time.,遊戲設定為30次份的茶包。與空紙杯組合，每次使用一包。,ゲーム上ティーバッグ30回分。空の紙コップと組み合わせて1つずつ使います。,30 sachês pelas regras do jogo. Combine com um copo de papel vazio para usar um de cada vez.,游戏设定为30次份的茶包。与空纸杯组合，每次使用一包。,
STR_KF_C158_KO,게임 기준 티백 30회분. 빈 종이컵과 조합해 한 개씩 사용합니다.,게임 기준 티백 30회분. 빈 종이컵과 조합해 한 개씩 사용합니다.,게임 기준 티백 30회분. 빈 종이컵과 조합해 한 개씩 사용합니다.,게임 기준 티백 30회분. 빈 종이컵과 조합해 한 개씩 사용합니다.,게임 기준 티백 30회분. 빈 종이컵과 조합해 한 개씩 사용합니다.,게임 기준 티백 30회분. 빈 종이컵과 조합해 한 개씩 사용합니다.,게임 기준 티백 30회분. 빈 종이컵과 조합해 한 개씩 사용합니다.,게임 기준 티백 30회분. 빈 종이컵과 조합해 한 개씩 사용합니다.,게임 기준 티백 30회분. 빈 종이컵과 조합해 한 개씩 사용합니다.,게임 기준 티백 30회분. 빈 종이컵과 조합해 한 개씩 사용합니다.,게임 기준 티백 30회분. 빈 종이컵과 조합해 한 개씩 사용합니다.,게임 기준 티백 30회분. 빈 종이컵과 조합해 한 개씩 사용합니다.,게임 기준 티백 30회분. 빈 종이컵과 조합해 한 개씩 사용합니다.,게임 기준 티백 30회분. 빈 종이컵과 조합해 한 개씩 사용합니다.,
STR_KF_C159,Barley Tea Bag (in cup),Barley Tea Bag (in cup),Barley Tea Bag (in cup),Gerstentee-Beutel (im Becher),Пакетик ячменного чая (в стакане),Torebka herbaty jęczmiennej (w kubku),Barley Tea Bag (in cup),Barley Tea Bag (in cup),Barley Tea Bag (in cup),Barley Tea Bag (in cup),大麥茶茶包 （杯中）,麦茶ティーバッグ （カップ入り）,Sachê de Chá de Cevada (no copo),大麦茶茶包 （杯中）,
STR_KF_C159_KO,보리차 티백 (컵에 담음),보리차 티백 (컵에 담음),보리차 티백 (컵에 담음),보리차 티백 (컵에 담음),보리차 티백 (컵에 담음),보리차 티백 (컵에 담음),보리차 티백 (컵에 담음),보리차 티백 (컵에 담음),보리차 티백 (컵에 담음),보리차 티백 (컵에 담음),보리차 티백 (컵에 담음),보리차 티백 (컵에 담음),보리차 티백 (컵에 담음),보리차 티백 (컵에 담음),
STR_KF_C160,Pour 200 mL of water at 80°C or hotter and steep for 30 seconds.,Pour 200 mL of water at 80°C or hotter and steep for 30 seconds.,Pour 200 mL of water at 80°C or hotter and steep for 30 seconds.,200 mL Wasser von mindestens 80°C aufgießen und 30 Sekunden ziehen lassen.,Залейте 200 mL воды температурой от 80°C и заваривайте 30 секунд.,Zalej 200 mL wody o temperaturze co najmniej 80°C i parz przez 30 sekund.,Pour 200 mL of water at 80°C or hotter and steep for 30 seconds.,Pour 200 mL of water at 80°C or hotter and steep for 30 seconds.,Pour 200 mL of water at 80°C or hotter and steep for 30 seconds.,Pour 200 mL of water at 80°C or hotter and steep for 30 seconds.,倒入80°C以上的水200mL，浸泡30秒。,80°C以上の水200mLを注ぎ、30秒蒸らしてください。,Despeje 200 mL de água a 80°C ou mais e deixe em infusão por 30 segundos.,倒入80°C以上的水200mL，浸泡30秒。,
STR_KF_C160_KO,80°C 이상 물 200mL를 붓고 30초 우려내세요.,80°C 이상 물 200mL를 붓고 30초 우려내세요.,80°C 이상 물 200mL를 붓고 30초 우려내세요.,80°C 이상 물 200mL를 붓고 30초 우려내세요.,80°C 이상 물 200mL를 붓고 30초 우려내세요.,80°C 이상 물 200mL를 붓고 30초 우려내세요.,80°C 이상 물 200mL를 붓고 30초 우려내세요.,80°C 이상 물 200mL를 붓고 30초 우려내세요.,80°C 이상 물 200mL를 붓고 30초 우려내세요.,80°C 이상 물 200mL를 붓고 30초 우려내세요.,80°C 이상 물 200mL를 붓고 30초 우려내세요.,80°C 이상 물 200mL를 붓고 30초 우려내세요.,80°C 이상 물 200mL를 붓고 30초 우려내세요.,80°C 이상 물 200mL를 붓고 30초 우려내세요.,
STR_KF_C161,Barley Tea (brewed),Barley Tea (brewed),Barley Tea (brewed),Gerstentee (aufgebrüht),Ячменный чай (заварен),Herbata jęczmienna (zaparzona),Barley Tea (brewed),Barley Tea (brewed),Barley Tea (brewed),Barley Tea (brewed),大麥茶 （已沖泡）,麦茶 （淹れたて）,Chá de Cevada (preparado),大麦茶 （已冲泡）,
STR_KF_C161_KO,보리차 (우린 차),보리차 (우린 차),보리차 (우린 차),보리차 (우린 차),보리차 (우린 차),보리차 (우린 차),보리차 (우린 차),보리차 (우린 차),보리차 (우린 차),보리차 (우린 차),보리차 (우린 차),보리차 (우린 차),보리차 (우린 차),보리차 (우린 차),
STR_KF_C162,"Tea brewed with hot water. 0 energy, 200 mL of water by game rules.","Tea brewed with hot water. 0 energy, 200 mL of water by game rules.","Tea brewed with hot water. 0 energy, 200 mL of water by game rules.","Mit heißem Wasser aufgebrühter Tee. 0 Energie, nach Spielregeln 200 mL Wasser.","Чай, заваренный горячей водой. 0 энергии, 200 mL воды по игровым правилам.","Herbata zaparzona gorącą wodą. 0 energii, 200 mL wody według zasad gry.","Tea brewed with hot water. 0 energy, 200 mL of water by game rules.","Tea brewed with hot water. 0 energy, 200 mL of water by game rules.","Tea brewed with hot water. 0 energy, 200 mL of water by game rules.","Tea brewed with hot water. 0 energy, 200 mL of water by game rules.",以熱水沖泡的茶。熱量0，遊戲設定水分200mL。,お湯で淹れたお茶。カロリー0、ゲーム上の水分200mL。,"Chá preparado com água quente. 0 de energia, 200 mL de água pelas regras do jogo.",用热水冲泡的茶。热量0，游戏设定水分200mL。,
STR_KF_C162_KO,"뜨거운 물로 우린 차. 열량 0, 게임 기준 수분 200mL.","뜨거운 물로 우린 차. 열량 0, 게임 기준 수분 200mL.","뜨거운 물로 우린 차. 열량 0, 게임 기준 수분 200mL.","뜨거운 물로 우린 차. 열량 0, 게임 기준 수분 200mL.","뜨거운 물로 우린 차. 열량 0, 게임 기준 수분 200mL.","뜨거운 물로 우린 차. 열량 0, 게임 기준 수분 200mL.","뜨거운 물로 우린 차. 열량 0, 게임 기준 수분 200mL.","뜨거운 물로 우린 차. 열량 0, 게임 기준 수분 200mL.","뜨거운 물로 우린 차. 열량 0, 게임 기준 수분 200mL.","뜨거운 물로 우린 차. 열량 0, 게임 기준 수분 200mL.","뜨거운 물로 우린 차. 열량 0, 게임 기준 수분 200mL.","뜨거운 물로 우린 차. 열량 0, 게임 기준 수분 200mL.","뜨거운 물로 우린 차. 열량 0, 게임 기준 수분 200mL.","뜨거운 물로 우린 차. 열량 0, 게임 기준 수분 200mL.",
STR_KF_C163,Kkokkalcorn Original,Kkokkalcorn Original,Kkokkalcorn Original,Kkokkalcorn Original,Коккалькорн Оригинал,Kkokkalcorn Original,Kkokkalcorn Original,Kkokkalcorn Original,Kkokkalcorn Original,Kkokkalcorn Original,Kkokkalcorn 玉米脆角 原味,コッカルコーン オリジナル,Kkokkalcorn Original,Kkokkalcorn 玉米脆角 原味,
STR_KF_C163_KO,꼬깔콘 고소한맛,꼬깔콘 고소한맛,꼬깔콘 고소한맛,꼬깔콘 고소한맛,꼬깔콘 고소한맛,꼬깔콘 고소한맛,꼬깔콘 고소한맛,꼬깔콘 고소한맛,꼬깔콘 고소한맛,꼬깔콘 고소한맛,꼬깔콘 고소한맛,꼬깔콘 고소한맛,꼬깔콘 고소한맛,꼬깔콘 고소한맛,
STR_KF_C164,Kkokkalcorn Original (opened),Kkokkalcorn Original (opened),Kkokkalcorn Original (opened),Kkokkalcorn Original (geöffnet),Коккалькорн Оригинал (открыто),Kkokkalcorn Original (otwarte),Kkokkalcorn Original (opened),Kkokkalcorn Original (opened),Kkokkalcorn Original (opened),Kkokkalcorn Original (opened),Kkokkalcorn 玉米脆角 原味 （已開封）,コッカルコーン オリジナル （開封済み）,Kkokkalcorn Original (aberto),Kkokkalcorn 玉米脆角 原味 （已开封）,
STR_KF_C164_KO,꼬깔콘 고소한맛 (개봉),꼬깔콘 고소한맛 (개봉),꼬깔콘 고소한맛 (개봉),꼬깔콘 고소한맛 (개봉),꼬깔콘 고소한맛 (개봉),꼬깔콘 고소한맛 (개봉),꼬깔콘 고소한맛 (개봉),꼬깔콘 고소한맛 (개봉),꼬깔콘 고소한맛 (개봉),꼬깔콘 고소한맛 (개봉),꼬깔콘 고소한맛 (개봉),꼬깔콘 고소한맛 (개봉),꼬깔콘 고소한맛 (개봉),꼬깔콘 고소한맛 (개봉),
STR_KF_C165,Ion the Fit,Ion the Fit,Ion the Fit,Ion the Fit,Айон зе Фит,Ion the Fit,Ion the Fit,Ion the Fit,Ion the Fit,Ion the Fit,Ion the Fit,イオンザフィット,Ion the Fit,Ion the Fit,
STR_KF_C165_KO,이온더핏,이온더핏,이온더핏,이온더핏,이온더핏,이온더핏,이온더핏,이온더핏,이온더핏,이온더핏,이온더핏,이온더핏,이온더핏,이온더핏,
STR_KF_C166,Toreta,Toreta,Toreta,Toreta,Торета,Toreta,Toreta,Toreta,Toreta,Toreta,Toreta,トレタ,Toreta,Toreta,
STR_KF_C166_KO,토레타,토레타,토레타,토레타,토레타,토레타,토레타,토레타,토레타,토레타,토레타,토레타,토레타,토레타,
STR_KF_C167,Pocari Sweat,Pocari Sweat,Pocari Sweat,Pocari Sweat,Покари Свет,Pocari Sweat,Pocari Sweat,Pocari Sweat,Pocari Sweat,Pocari Sweat,寶礦力水得,ポカリスエット,Pocari Sweat,宝矿力水特,
STR_KF_C167_KO,포카리스웨트,포카리스웨트,포카리스웨트,포카리스웨트,포카리스웨트,포카리스웨트,포카리스웨트,포카리스웨트,포카리스웨트,포카리스웨트,포카리스웨트,포카리스웨트,포카리스웨트,포카리스웨트,
STR_KF_C168,Gatorade,Gatorade,Gatorade,Gatorade,Гаторейд,Gatorade,Gatorade,Gatorade,Gatorade,Gatorade,開特力,ゲータレード,Gatorade,佳得乐,
STR_KF_C168_KO,게토레이,게토레이,게토레이,게토레이,게토레이,게토레이,게토레이,게토레이,게토레이,게토레이,게토레이,게토레이,게토레이,게토레이,
STR_KF_C169,Powerade,Powerade,Powerade,Powerade,Пауэрейд,Powerade,Powerade,Powerade,Powerade,Powerade,Powerade,パワーエイド,Powerade,Powerade,
STR_KF_C169_KO,파워에이드,파워에이드,파워에이드,파워에이드,파워에이드,파워에이드,파워에이드,파워에이드,파워에이드,파워에이드,파워에이드,파워에이드,파워에이드,파워에이드,
STR_KF_C170,Chilsung Cider,Chilsung Cider,Chilsung Cider,Chilsung Cider,Чхильсон Сайдер,Chilsung Cider,Chilsung Cider,Chilsung Cider,Chilsung Cider,Chilsung Cider,七星汽水,チルソンサイダー,Chilsung Cider,七星汽水,
STR_KF_C170_KO,칠성사이다,칠성사이다,칠성사이다,칠성사이다,칠성사이다,칠성사이다,칠성사이다,칠성사이다,칠성사이다,칠성사이다,칠성사이다,칠성사이다,칠성사이다,칠성사이다,
STR_KF_C171,Ceylon Tea,Ceylon Tea,Ceylon Tea,Ceylon Tea,Цейлонский чай,Ceylon Tea,Ceylon Tea,Ceylon Tea,Ceylon Tea,Ceylon Tea,錫蘭紅茶,セイロンティー,Ceylon Tea,锡兰红茶,
STR_KF_C171_KO,실론티,실론티,실론티,실론티,실론티,실론티,실론티,실론티,실론티,실론티,실론티,실론티,실론티,실론티,
STR_KF_C172,Grape Bongbong,Grape Bongbong,Grape Bongbong,Grape Bongbong,Виноградный Бонбон,Grape Bongbong,Grape Bongbong,Grape Bongbong,Grape Bongbong,Grape Bongbong,葡萄 Bongbong,ぶどうボンボン,Grape Bongbong,葡萄 Bongbong,
STR_KF_C172_KO,포도봉봉,포도봉봉,포도봉봉,포도봉봉,포도봉봉,포도봉봉,포도봉봉,포도봉봉,포도봉봉,포도봉봉,포도봉봉,포도봉봉,포도봉봉,포도봉봉,
STR_KF_C173,Banana Milk,Banana Milk,Banana Milk,Bananenmilch,Банановое молоко,Mleko bananowe,Banana Milk,Banana Milk,Banana Milk,Banana Milk,香蕉牛奶,バナナ味牛乳,Leite de Banana,香蕉牛奶,
STR_KF_C173_KO,바나나맛우유,바나나맛우유,바나나맛우유,바나나맛우유,바나나맛우유,바나나맛우유,바나나맛우유,바나나맛우유,바나나맛우유,바나나맛우유,바나나맛우유,바나나맛우유,바나나맛우유,바나나맛우유,
STR_KF_C174,Bacchus,Bacchus,Bacchus,Bacchus,Бакхус,Bacchus,Bacchus,Bacchus,Bacchus,Bacchus,Bacchus,バッカス,Bacchus,Bacchus,
STR_KF_C174_KO,박카스,박카스,박카스,박카스,박카스,박카스,박카스,박카스,박카스,박카스,박카스,박카스,박카스,박카스,
STR_KF_C175,A drink. Contents and nutrition values are set for game balance.,A drink. Contents and nutrition values are set for game balance.,A drink. Contents and nutrition values are set for game balance.,Ein Getränk. Inhalt und Nährwerte sind für die Spielbalance festgelegt.,Напиток. Содержимое и пищевая ценность подобраны для игрового баланса.,Napój. Zawartość i wartości odżywcze ustawiono dla balansu gry.,A drink. Contents and nutrition values are set for game balance.,A drink. Contents and nutrition values are set for game balance.,A drink. Contents and nutrition values are set for game balance.,A drink. Contents and nutrition values are set for game balance.,可飲用的飲料。內容量與營養數值為遊戲平衡設定。,飲める飲料。内容量と栄養値はゲームバランス用です。,Uma bebida. O conteúdo e os valores nutricionais são definidos para o equilíbrio do jogo.,可饮用的饮料。内容量与营养数值为游戏平衡设定。,
STR_KF_C175_KO,마실 수 있는 음료. 내용량과 영양 수치는 게임 균형용입니다.,마실 수 있는 음료. 내용량과 영양 수치는 게임 균형용입니다.,마실 수 있는 음료. 내용량과 영양 수치는 게임 균형용입니다.,마실 수 있는 음료. 내용량과 영양 수치는 게임 균형용입니다.,마실 수 있는 음료. 내용량과 영양 수치는 게임 균형용입니다.,마실 수 있는 음료. 내용량과 영양 수치는 게임 균형용입니다.,마실 수 있는 음료. 내용량과 영양 수치는 게임 균형용입니다.,마실 수 있는 음료. 내용량과 영양 수치는 게임 균형용입니다.,마실 수 있는 음료. 내용량과 영양 수치는 게임 균형용입니다.,마실 수 있는 음료. 내용량과 영양 수치는 게임 균형용입니다.,마실 수 있는 음료. 내용량과 영양 수치는 게임 균형용입니다.,마실 수 있는 음료. 내용량과 영양 수치는 게임 균형용입니다.,마실 수 있는 음료. 내용량과 영양 수치는 게임 균형용입니다.,마실 수 있는 음료. 내용량과 영양 수치는 게임 균형용입니다.,
STR_KF_C176,McCol,McCol,McCol,McCol,Макколь,McCol,McCol,McCol,McCol,McCol,McCol,メッコール,McCol,McCol,
STR_KF_C176_KO,맥콜,맥콜,맥콜,맥콜,맥콜,맥콜,맥콜,맥콜,맥콜,맥콜,맥콜,맥콜,맥콜,맥콜,
STR_KF_C177,Oran C Pineapple,Oran C Pineapple,Oran C Pineapple,Oran C Ananas,Оран Си ананас,Oran C ananasowy,Oran C Pineapple,Oran C Pineapple,Oran C Pineapple,Oran C Pineapple,Oran C 鳳梨,オランC パイン,Oran C Abacaxi,Oran C 菠萝,
STR_KF_C177_KO,오란씨 파인애플,오란씨 파인애플,오란씨 파인애플,오란씨 파인애플,오란씨 파인애플,오란씨 파인애플,오란씨 파인애플,오란씨 파인애플,오란씨 파인애플,오란씨 파인애플,오란씨 파인애플,오란씨 파인애플,오란씨 파인애플,오란씨 파인애플,
STR_KF_C178,Ssaksak,Ssaksak,Ssaksak,Ssaksak,Ссэкссэк,Ssaksak,Ssaksak,Ssaksak,Ssaksak,Ssaksak,Ssaksak 柳橙果粒,サクサク,Ssaksak,Ssaksak 橙子果粒,
STR_KF_C178_KO,쌕쌕,쌕쌕,쌕쌕,쌕쌕,쌕쌕,쌕쌕,쌕쌕,쌕쌕,쌕쌕,쌕쌕,쌕쌕,쌕쌕,쌕쌕,쌕쌕,
STR_KF_C179,JuicyCool Plum 450ml,JuicyCool Plum 450ml,JuicyCool Plum 450ml,JuicyCool Pflaume 450ml,Джуси Кул слива 450ml,JuicyCool śliwkowy 450ml,JuicyCool Plum 450ml,JuicyCool Plum 450ml,JuicyCool Plum 450ml,JuicyCool Plum 450ml,JuicyCool 李子 450ml,ジューシークール スモモ 450ml,JuicyCool Ameixa 450ml,JuicyCool 李子 450ml,
STR_KF_C179_KO,쥬시쿨 자두 450ml,쥬시쿨 자두 450ml,쥬시쿨 자두 450ml,쥬시쿨 자두 450ml,쥬시쿨 자두 450ml,쥬시쿨 자두 450ml,쥬시쿨 자두 450ml,쥬시쿨 자두 450ml,쥬시쿨 자두 450ml,쥬시쿨 자두 450ml,쥬시쿨 자두 450ml,쥬시쿨 자두 450ml,쥬시쿨 자두 450ml,쥬시쿨 자두 450ml,
STR_KF_C180,"When finished, one sheet of paper is placed at your feet instead of an empty carton.","When finished, one sheet of paper is placed at your feet instead of an empty carton.","When finished, one sheet of paper is placed at your feet instead of an empty carton.",Nach dem Austrinken wird statt eines leeren Kartons ein Blatt Papier vor den Füßen abgelegt.,"Когда напиток выпит, вместо пустого пакета у ваших ног появится 1 лист бумаги.",Po wypiciu zamiast pustego kartonu u twoich stóp pojawi się 1 kartka papieru.,"When finished, one sheet of paper is placed at your feet instead of an empty carton.","When finished, one sheet of paper is placed at your feet instead of an empty carton.","When finished, one sheet of paper is placed at your feet instead of an empty carton.","When finished, one sheet of paper is placed at your feet instead of an empty carton.",喝完後，腳邊會放置1張紙，而非空紙盒。,飲み終えると、空パックの代わりに紙1枚が足元に置かれます。,"Ao terminar, uma folha de papel é colocada aos seus pés em vez de uma caixinha vazia.",喝完后，脚边会放置1张纸，而非空纸盒。,
STR_KF_C180_KO,다 마시면 빈 팩 대신 종이 1개가 발앞에 놓입니다.,다 마시면 빈 팩 대신 종이 1개가 발앞에 놓입니다.,다 마시면 빈 팩 대신 종이 1개가 발앞에 놓입니다.,다 마시면 빈 팩 대신 종이 1개가 발앞에 놓입니다.,다 마시면 빈 팩 대신 종이 1개가 발앞에 놓입니다.,다 마시면 빈 팩 대신 종이 1개가 발앞에 놓입니다.,다 마시면 빈 팩 대신 종이 1개가 발앞에 놓입니다.,다 마시면 빈 팩 대신 종이 1개가 발앞에 놓입니다.,다 마시면 빈 팩 대신 종이 1개가 발앞에 놓입니다.,다 마시면 빈 팩 대신 종이 1개가 발앞에 놓입니다.,다 마시면 빈 팩 대신 종이 1개가 발앞에 놓입니다.,다 마시면 빈 팩 대신 종이 1개가 발앞에 놓입니다.,다 마시면 빈 팩 대신 종이 1개가 발앞에 놓입니다.,다 마시면 빈 팩 대신 종이 1개가 발앞에 놓입니다.,
STR_KF_C181,JuicyCool Peach 450ml,JuicyCool Peach 450ml,JuicyCool Peach 450ml,JuicyCool Pfirsich 450ml,Джуси Кул персик 450ml,JuicyCool brzoskwiniowy 450ml,JuicyCool Peach 450ml,JuicyCool Peach 450ml,JuicyCool Peach 450ml,JuicyCool Peach 450ml,JuicyCool 水蜜桃 450ml,ジューシークール 桃 450ml,JuicyCool Pêssego 450ml,JuicyCool 桃子 450ml,
STR_KF_C181_KO,쥬시쿨 복숭아 450ml,쥬시쿨 복숭아 450ml,쥬시쿨 복숭아 450ml,쥬시쿨 복숭아 450ml,쥬시쿨 복숭아 450ml,쥬시쿨 복숭아 450ml,쥬시쿨 복숭아 450ml,쥬시쿨 복숭아 450ml,쥬시쿨 복숭아 450ml,쥬시쿨 복숭아 450ml,쥬시쿨 복숭아 450ml,쥬시쿨 복숭아 450ml,쥬시쿨 복숭아 450ml,쥬시쿨 복숭아 450ml,
STR_KF_C182,JuicyCool Pineapple 450ml,JuicyCool Pineapple 450ml,JuicyCool Pineapple 450ml,JuicyCool Ananas 450ml,Джуси Кул ананас 450ml,JuicyCool ananasowy 450ml,JuicyCool Pineapple 450ml,JuicyCool Pineapple 450ml,JuicyCool Pineapple 450ml,JuicyCool Pineapple 450ml,JuicyCool 鳳梨 450ml,ジューシークール パイン 450ml,JuicyCool Abacaxi 450ml,JuicyCool 菠萝 450ml,
STR_KF_C182_KO,쥬시쿨 파인애플 450ml,쥬시쿨 파인애플 450ml,쥬시쿨 파인애플 450ml,쥬시쿨 파인애플 450ml,쥬시쿨 파인애플 450ml,쥬시쿨 파인애플 450ml,쥬시쿨 파인애플 450ml,쥬시쿨 파인애플 450ml,쥬시쿨 파인애플 450ml,쥬시쿨 파인애플 450ml,쥬시쿨 파인애플 450ml,쥬시쿨 파인애플 450ml,쥬시쿨 파인애플 450ml,쥬시쿨 파인애플 450ml,
STR_KF_C183,JuicyCool Green Grape 450ml,JuicyCool Green Grape 450ml,JuicyCool Green Grape 450ml,JuicyCool Grüne Traube 450ml,Джуси Кул зелёный виноград 450ml,JuicyCool zielone winogrono 450ml,JuicyCool Green Grape 450ml,JuicyCool Green Grape 450ml,JuicyCool Green Grape 450ml,JuicyCool Green Grape 450ml,JuicyCool 青葡萄 450ml,ジューシークール 青ぶどう 450ml,JuicyCool Uva Verde 450ml,JuicyCool 青提 450ml,
STR_KF_C183_KO,쥬시쿨 청포도 450ml,쥬시쿨 청포도 450ml,쥬시쿨 청포도 450ml,쥬시쿨 청포도 450ml,쥬시쿨 청포도 450ml,쥬시쿨 청포도 450ml,쥬시쿨 청포도 450ml,쥬시쿨 청포도 450ml,쥬시쿨 청포도 450ml,쥬시쿨 청포도 450ml,쥬시쿨 청포도 450ml,쥬시쿨 청포도 450ml,쥬시쿨 청포도 450ml,쥬시쿨 청포도 450ml,
STR_KF_C184,JuicyCool Plum 930ml,JuicyCool Plum 930ml,JuicyCool Plum 930ml,JuicyCool Pflaume 930ml,Джуси Кул слива 930ml,JuicyCool śliwkowy 930ml,JuicyCool Plum 930ml,JuicyCool Plum 930ml,JuicyCool Plum 930ml,JuicyCool Plum 930ml,JuicyCool 李子 930ml,ジューシークール スモモ 930ml,JuicyCool Ameixa 930ml,JuicyCool 李子 930ml,
STR_KF_C184_KO,쥬시쿨 자두 930ml,쥬시쿨 자두 930ml,쥬시쿨 자두 930ml,쥬시쿨 자두 930ml,쥬시쿨 자두 930ml,쥬시쿨 자두 930ml,쥬시쿨 자두 930ml,쥬시쿨 자두 930ml,쥬시쿨 자두 930ml,쥬시쿨 자두 930ml,쥬시쿨 자두 930ml,쥬시쿨 자두 930ml,쥬시쿨 자두 930ml,쥬시쿨 자두 930ml,
STR_KF_C185,JuicyCool Peach 930ml,JuicyCool Peach 930ml,JuicyCool Peach 930ml,JuicyCool Pfirsich 930ml,Джуси Кул персик 930ml,JuicyCool brzoskwiniowy 930ml,JuicyCool Peach 930ml,JuicyCool Peach 930ml,JuicyCool Peach 930ml,JuicyCool Peach 930ml,JuicyCool 水蜜桃 930ml,ジューシークール 桃 930ml,JuicyCool Pêssego 930ml,JuicyCool 桃子 930ml,
STR_KF_C185_KO,쥬시쿨 복숭아 930ml,쥬시쿨 복숭아 930ml,쥬시쿨 복숭아 930ml,쥬시쿨 복숭아 930ml,쥬시쿨 복숭아 930ml,쥬시쿨 복숭아 930ml,쥬시쿨 복숭아 930ml,쥬시쿨 복숭아 930ml,쥬시쿨 복숭아 930ml,쥬시쿨 복숭아 930ml,쥬시쿨 복숭아 930ml,쥬시쿨 복숭아 930ml,쥬시쿨 복숭아 930ml,쥬시쿨 복숭아 930ml,
STR_KF_C186,JuicyCool Pineapple 930ml,JuicyCool Pineapple 930ml,JuicyCool Pineapple 930ml,JuicyCool Ananas 930ml,Джуси Кул ананас 930ml,JuicyCool ananasowy 930ml,JuicyCool Pineapple 930ml,JuicyCool Pineapple 930ml,JuicyCool Pineapple 930ml,JuicyCool Pineapple 930ml,JuicyCool 鳳梨 930ml,ジューシークール パイン 930ml,JuicyCool Abacaxi 930ml,JuicyCool 菠萝 930ml,
STR_KF_C186_KO,쥬시쿨 파인애플 930ml,쥬시쿨 파인애플 930ml,쥬시쿨 파인애플 930ml,쥬시쿨 파인애플 930ml,쥬시쿨 파인애플 930ml,쥬시쿨 파인애플 930ml,쥬시쿨 파인애플 930ml,쥬시쿨 파인애플 930ml,쥬시쿨 파인애플 930ml,쥬시쿨 파인애플 930ml,쥬시쿨 파인애플 930ml,쥬시쿨 파인애플 930ml,쥬시쿨 파인애플 930ml,쥬시쿨 파인애플 930ml,
STR_KF_C187,JuicyCool Green Grape 930ml,JuicyCool Green Grape 930ml,JuicyCool Green Grape 930ml,JuicyCool Grüne Traube 930ml,Джуси Кул зелёный виноград 930ml,JuicyCool zielone winogrono 930ml,JuicyCool Green Grape 930ml,JuicyCool Green Grape 930ml,JuicyCool Green Grape 930ml,JuicyCool Green Grape 930ml,JuicyCool 青葡萄 930ml,ジューシークール 青ぶどう 930ml,JuicyCool Uva Verde 930ml,JuicyCool 青提 930ml,
STR_KF_C187_KO,쥬시쿨 청포도 930ml,쥬시쿨 청포도 930ml,쥬시쿨 청포도 930ml,쥬시쿨 청포도 930ml,쥬시쿨 청포도 930ml,쥬시쿨 청포도 930ml,쥬시쿨 청포도 930ml,쥬시쿨 청포도 930ml,쥬시쿨 청포도 930ml,쥬시쿨 청포도 930ml,쥬시쿨 청포도 930ml,쥬시쿨 청포도 930ml,쥬시쿨 청포도 930ml,쥬시쿨 청포도 930ml,
STR_KF_C188,Solomon's Seal Tea Bag Box,Solomon's Seal Tea Bag Box,Solomon's Seal Tea Bag Box,Schachtel Salomonssiegeltee-Beutel,Коробка чая из купены в пакетиках,Pudełko herbaty z kokoryczki w torebkach,Solomon's Seal Tea Bag Box,Solomon's Seal Tea Bag Box,Solomon's Seal Tea Bag Box,Solomon's Seal Tea Bag Box,玉竹茶茶包盒,トゥングレ茶ティーバッグ 箱,Caixa de Sachês de Chá de Selo-de-Salomão,玉竹茶茶包盒,
STR_KF_C188_KO,둥굴레차 티백 상자,둥굴레차 티백 상자,둥굴레차 티백 상자,둥굴레차 티백 상자,둥굴레차 티백 상자,둥굴레차 티백 상자,둥굴레차 티백 상자,둥굴레차 티백 상자,둥굴레차 티백 상자,둥굴레차 티백 상자,둥굴레차 티백 상자,둥굴레차 티백 상자,둥굴레차 티백 상자,둥굴레차 티백 상자,
STR_KF_C189,Solomon's Seal Tea Bag (in cup),Solomon's Seal Tea Bag (in cup),Solomon's Seal Tea Bag (in cup),Salomonssiegeltee-Beutel (im Becher),Пакетик чая из купены (в стакане),Torebka herbaty z kokoryczki (w kubku),Solomon's Seal Tea Bag (in cup),Solomon's Seal Tea Bag (in cup),Solomon's Seal Tea Bag (in cup),Solomon's Seal Tea Bag (in cup),玉竹茶茶包 （杯中）,トゥングレ茶ティーバッグ （カップ入り）,Sachê de Chá de Selo-de-Salomão (no copo),玉竹茶茶包 （杯中）,
STR_KF_C189_KO,둥굴레차 티백 (컵에 담음),둥굴레차 티백 (컵에 담음),둥굴레차 티백 (컵에 담음),둥굴레차 티백 (컵에 담음),둥굴레차 티백 (컵에 담음),둥굴레차 티백 (컵에 담음),둥굴레차 티백 (컵에 담음),둥굴레차 티백 (컵에 담음),둥굴레차 티백 (컵에 담음),둥굴레차 티백 (컵에 담음),둥굴레차 티백 (컵에 담음),둥굴레차 티백 (컵에 담음),둥굴레차 티백 (컵에 담음),둥굴레차 티백 (컵에 담음),
STR_KF_C190,Solomon's Seal Tea (brewed),Solomon's Seal Tea (brewed),Solomon's Seal Tea (brewed),Salomonssiegeltee (aufgebrüht),Чай из купены (заварен),Herbata z kokoryczki (zaparzona),Solomon's Seal Tea (brewed),Solomon's Seal Tea (brewed),Solomon's Seal Tea (brewed),Solomon's Seal Tea (brewed),玉竹茶 （已沖泡）,トゥングレ茶 （淹れたて）,Chá de Selo-de-Salomão (preparado),玉竹茶 （已冲泡）,
STR_KF_C190_KO,둥굴레차 (우린 차),둥굴레차 (우린 차),둥굴레차 (우린 차),둥굴레차 (우린 차),둥굴레차 (우린 차),둥굴레차 (우린 차),둥굴레차 (우린 차),둥굴레차 (우린 차),둥굴레차 (우린 차),둥굴레차 (우린 차),둥굴레차 (우린 차),둥굴레차 (우린 차),둥굴레차 (우린 차),둥굴레차 (우린 차),
STR_KF_C191,Corn Tea Bag Box,Corn Tea Bag Box,Corn Tea Bag Box,Schachtel Maistee-Beutel,Коробка кукурузного чая в пакетиках,Pudełko herbaty kukurydzianej w torebkach,Corn Tea Bag Box,Corn Tea Bag Box,Corn Tea Bag Box,Corn Tea Bag Box,玉米茶茶包盒,コーン茶ティーバッグ 箱,Caixa de Sachês de Chá de Milho,玉米茶茶包盒,
STR_KF_C191_KO,옥수수차 티백 상자,옥수수차 티백 상자,옥수수차 티백 상자,옥수수차 티백 상자,옥수수차 티백 상자,옥수수차 티백 상자,옥수수차 티백 상자,옥수수차 티백 상자,옥수수차 티백 상자,옥수수차 티백 상자,옥수수차 티백 상자,옥수수차 티백 상자,옥수수차 티백 상자,옥수수차 티백 상자,
STR_KF_C192,Corn Tea Bag (in cup),Corn Tea Bag (in cup),Corn Tea Bag (in cup),Maistee-Beutel (im Becher),Пакетик кукурузного чая (в стакане),Torebka herbaty kukurydzianej (w kubku),Corn Tea Bag (in cup),Corn Tea Bag (in cup),Corn Tea Bag (in cup),Corn Tea Bag (in cup),玉米茶茶包 （杯中）,コーン茶ティーバッグ （カップ入り）,Sachê de Chá de Milho (no copo),玉米茶茶包 （杯中）,
STR_KF_C192_KO,옥수수차 티백 (컵에 담음),옥수수차 티백 (컵에 담음),옥수수차 티백 (컵에 담음),옥수수차 티백 (컵에 담음),옥수수차 티백 (컵에 담음),옥수수차 티백 (컵에 담음),옥수수차 티백 (컵에 담음),옥수수차 티백 (컵에 담음),옥수수차 티백 (컵에 담음),옥수수차 티백 (컵에 담음),옥수수차 티백 (컵에 담음),옥수수차 티백 (컵에 담음),옥수수차 티백 (컵에 담음),옥수수차 티백 (컵에 담음),
STR_KF_C193,Corn Tea (brewed),Corn Tea (brewed),Corn Tea (brewed),Maistee (aufgebrüht),Кукурузный чай (заварен),Herbata kukurydziana (zaparzona),Corn Tea (brewed),Corn Tea (brewed),Corn Tea (brewed),Corn Tea (brewed),玉米茶 （已沖泡）,コーン茶 （淹れたて）,Chá de Milho (preparado),玉米茶 （已冲泡）,
STR_KF_C193_KO,옥수수차 (우린 차),옥수수차 (우린 차),옥수수차 (우린 차),옥수수차 (우린 차),옥수수차 (우린 차),옥수수차 (우린 차),옥수수차 (우린 차),옥수수차 (우린 차),옥수수차 (우린 차),옥수수차 (우린 차),옥수수차 (우린 차),옥수수차 (우린 차),옥수수차 (우린 차),옥수수차 (우린 차),
STR_KF_C194,Cassia Seed Tea Bag Box,Cassia Seed Tea Bag Box,Cassia Seed Tea Bag Box,Schachtel Kassiasamentee-Beutel,Коробка чая из семян кассии в пакетиках,Pudełko herbaty z nasion kasji w torebkach,Cassia Seed Tea Bag Box,Cassia Seed Tea Bag Box,Cassia Seed Tea Bag Box,Cassia Seed Tea Bag Box,決明子茶茶包盒,決明子茶ティーバッグ 箱,Caixa de Sachês de Chá de Semente de Cássia,决明子茶茶包盒,
STR_KF_C194_KO,결명자차 티백 상자,결명자차 티백 상자,결명자차 티백 상자,결명자차 티백 상자,결명자차 티백 상자,결명자차 티백 상자,결명자차 티백 상자,결명자차 티백 상자,결명자차 티백 상자,결명자차 티백 상자,결명자차 티백 상자,결명자차 티백 상자,결명자차 티백 상자,결명자차 티백 상자,
STR_KF_C195,Cassia Seed Tea Bag (in cup),Cassia Seed Tea Bag (in cup),Cassia Seed Tea Bag (in cup),Kassiasamentee-Beutel (im Becher),Пакетик чая из семян кассии (в стакане),Torebka herbaty z nasion kasji (w kubku),Cassia Seed Tea Bag (in cup),Cassia Seed Tea Bag (in cup),Cassia Seed Tea Bag (in cup),Cassia Seed Tea Bag (in cup),決明子茶茶包 （杯中）,決明子茶ティーバッグ （カップ入り）,Sachê de Chá de Semente de Cássia (no copo),决明子茶茶包 （杯中）,
STR_KF_C195_KO,결명자차 티백 (컵에 담음),결명자차 티백 (컵에 담음),결명자차 티백 (컵에 담음),결명자차 티백 (컵에 담음),결명자차 티백 (컵에 담음),결명자차 티백 (컵에 담음),결명자차 티백 (컵에 담음),결명자차 티백 (컵에 담음),결명자차 티백 (컵에 담음),결명자차 티백 (컵에 담음),결명자차 티백 (컵에 담음),결명자차 티백 (컵에 담음),결명자차 티백 (컵에 담음),결명자차 티백 (컵에 담음),
STR_KF_C196,Cassia Seed Tea (brewed),Cassia Seed Tea (brewed),Cassia Seed Tea (brewed),Kassiasamentee (aufgebrüht),Чай из семян кассии (заварен),Herbata z nasion kasji (zaparzona),Cassia Seed Tea (brewed),Cassia Seed Tea (brewed),Cassia Seed Tea (brewed),Cassia Seed Tea (brewed),決明子茶 （已沖泡）,決明子茶 （淹れたて）,Chá de Semente de Cássia (preparado),决明子茶 （已冲泡）,
STR_KF_C196_KO,결명자차 (우린 차),결명자차 (우린 차),결명자차 (우린 차),결명자차 (우린 차),결명자차 (우린 차),결명자차 (우린 차),결명자차 (우린 차),결명자차 (우린 차),결명자차 (우린 차),결명자차 (우린 차),결명자차 (우린 차),결명자차 (우린 차),결명자차 (우린 차),결명자차 (우린 차),
STR_KF_C197,Empty Paper Cup,Empty Paper Cup,Empty Paper Cup,Leerer Pappbecher,Пустой бумажный стакан,Pusty papierowy kubek,Empty Paper Cup,Empty Paper Cup,Empty Paper Cup,Empty Paper Cup,空紙杯,空の紙コップ,Copo de Papel Vazio,空纸杯,
STR_KF_C197_KO,빈 종이컵,빈 종이컵,빈 종이컵,빈 종이컵,빈 종이컵,빈 종이컵,빈 종이컵,빈 종이컵,빈 종이컵,빈 종이컵,빈 종이컵,빈 종이컵,빈 종이컵,빈 종이컵,
STR_KF_C198,"A disposable cup for preparing single servings of coffee, misugaru and instant soup.","A disposable cup for preparing single servings of coffee, misugaru and instant soup.","A disposable cup for preparing single servings of coffee, misugaru and instant soup.","Ein Einwegbecher zum Zubereiten einzelner Portionen Kaffee, Misugaru und Instantsuppe.","Одноразовый стакан для приготовления разовых порций кофе, мисугару и быстрорастворимого супа.","Jednorazowy kubek do przygotowywania pojedynczych porcji kawy, misugaru i zupy instant.","A disposable cup for preparing single servings of coffee, misugaru and instant soup.","A disposable cup for preparing single servings of coffee, misugaru and instant soup.","A disposable cup for preparing single servings of coffee, misugaru and instant soup.","A disposable cup for preparing single servings of coffee, misugaru and instant soup.",用來沖泡單份咖啡·韓式穀物粉·即食湯的消耗性杯子。,コーヒー·ミスカル·インスタントスープを1回分ずつ作る使い捨てカップ。,"Um copo descartável para preparar doses individuais de café, misugaru e sopa instantânea.",用来冲泡单份咖啡·韩式谷物粉·速食汤的一次性杯子。,
STR_KF_C198_KO,커피·미숫가루·즉석국을 1회분씩 준비하는 소모성 컵.,커피·미숫가루·즉석국을 1회분씩 준비하는 소모성 컵.,커피·미숫가루·즉석국을 1회분씩 준비하는 소모성 컵.,커피·미숫가루·즉석국을 1회분씩 준비하는 소모성 컵.,커피·미숫가루·즉석국을 1회분씩 준비하는 소모성 컵.,커피·미숫가루·즉석국을 1회분씩 준비하는 소모성 컵.,커피·미숫가루·즉석국을 1회분씩 준비하는 소모성 컵.,커피·미숫가루·즉석국을 1회분씩 준비하는 소모성 컵.,커피·미숫가루·즉석국을 1회분씩 준비하는 소모성 컵.,커피·미숫가루·즉석국을 1회분씩 준비하는 소모성 컵.,커피·미숫가루·즉석국을 1회분씩 준비하는 소모성 컵.,커피·미숫가루·즉석국을 1회분씩 준비하는 소모성 컵.,커피·미숫가루·즉석국을 1회분씩 준비하는 소모성 컵.,커피·미숫가루·즉석국을 1회분씩 준비하는 소모성 컵.,
STR_KF_C199,Odongtong Noodles (uncooked),Odongtong Noodles (uncooked),Odongtong Noodles (uncooked),Odongtong-Nudeln (ungekocht),Лапша Одонтон (не заварено),Makaron Odongtong (niezaparzone),Odongtong Noodles (uncooked),Odongtong Noodles (uncooked),Odongtong Noodles (uncooked),Odongtong Noodles (uncooked),Odongtong 烏龍麵 （未調理）,オドントン麺 （未調理）,Macarrão Odongtong (não preparado),Odongtong 乌冬面 （未调理）,
STR_KF_C199_KO,오동통면 (미조리),오동통면 (미조리),오동통면 (미조리),오동통면 (미조리),오동통면 (미조리),오동통면 (미조리),오동통면 (미조리),오동통면 (미조리),오동통면 (미조리),오동통면 (미조리),오동통면 (미조리),오동통면 (미조리),오동통면 (미조리),오동통면 (미조리),
STR_KF_C200,Odongtong Noodles,Odongtong Noodles,Odongtong Noodles,Odongtong-Nudeln,Лапша Одонтон,Makaron Odongtong,Odongtong Noodles,Odongtong Noodles,Odongtong Noodles,Odongtong Noodles,Odongtong 烏龍麵,オドントン麺,Macarrão Odongtong,Odongtong 乌冬面,
STR_KF_C200_KO,오동통면,오동통면,오동통면,오동통면,오동통면,오동통면,오동통면,오동통면,오동통면,오동통면,오동통면,오동통면,오동통면,오동통면,
STR_KF_C201,Spicy Saeukkang,Spicy Saeukkang,Spicy Saeukkang,Scharfes Saeukkang,Острый Сэуккан,Ostre Saeukkang,Spicy Saeukkang,Spicy Saeukkang,Spicy Saeukkang,Spicy Saeukkang,辣味鮮蝦條,辛口セウカン,Saeukkang Picante,辣味鲜虾条,
STR_KF_C201_KO,매운 새우깡,매운 새우깡,매운 새우깡,매운 새우깡,매운 새우깡,매운 새우깡,매운 새우깡,매운 새우깡,매운 새우깡,매운 새우깡,매운 새우깡,매운 새우깡,매운 새우깡,매운 새우깡,
STR_KF_C202,Spicy Saeukkang (opened),Spicy Saeukkang (opened),Spicy Saeukkang (opened),Scharfes Saeukkang (geöffnet),Острый Сэуккан (открыто),Ostre Saeukkang (otwarte),Spicy Saeukkang (opened),Spicy Saeukkang (opened),Spicy Saeukkang (opened),Spicy Saeukkang (opened),辣味鮮蝦條 （已開封）,辛口セウカン （開封済み）,Saeukkang Picante (aberto),辣味鲜虾条 （已开封）,
STR_KF_C202_KO,매운 새우깡 (개봉),매운 새우깡 (개봉),매운 새우깡 (개봉),매운 새우깡 (개봉),매운 새우깡 (개봉),매운 새우깡 (개봉),매운 새우깡 (개봉),매운 새우깡 (개봉),매운 새우깡 (개봉),매운 새우깡 (개봉),매운 새우깡 (개봉),매운 새우깡 (개봉),매운 새우깡 (개봉),매운 새우깡 (개봉),
STR_KF_C203,Almond Pepero,Almond Pepero,Almond Pepero,Mandel-Pepero,Пеперо с миндалём,Pepero migdałowe,Almond Pepero,Almond Pepero,Almond Pepero,Almond Pepero,Pepero 杏仁巧克力棒,アーモンドペペロ,Pepero de Amêndoa,Pepero 杏仁巧克力棒,
STR_KF_C203_KO,아몬드 빼빼로,아몬드 빼빼로,아몬드 빼빼로,아몬드 빼빼로,아몬드 빼빼로,아몬드 빼빼로,아몬드 빼빼로,아몬드 빼빼로,아몬드 빼빼로,아몬드 빼빼로,아몬드 빼빼로,아몬드 빼빼로,아몬드 빼빼로,아몬드 빼빼로,
STR_KF_C204,Almond Pepero (opened),Almond Pepero (opened),Almond Pepero (opened),Mandel-Pepero (geöffnet),Пеперо с миндалём (открыто),Pepero migdałowe (otwarte),Almond Pepero (opened),Almond Pepero (opened),Almond Pepero (opened),Almond Pepero (opened),Pepero 杏仁巧克力棒 （已開封）,アーモンドペペロ （開封済み）,Pepero de Amêndoa (aberto),Pepero 杏仁巧克力棒 （已开封）,
STR_KF_C204_KO,아몬드 빼빼로 (개봉),아몬드 빼빼로 (개봉),아몬드 빼빼로 (개봉),아몬드 빼빼로 (개봉),아몬드 빼빼로 (개봉),아몬드 빼빼로 (개봉),아몬드 빼빼로 (개봉),아몬드 빼빼로 (개봉),아몬드 빼빼로 (개봉),아몬드 빼빼로 (개봉),아몬드 빼빼로 (개봉),아몬드 빼빼로 (개봉),아몬드 빼빼로 (개봉),아몬드 빼빼로 (개봉),
STR_KF_C205,Choco Filled Pepero,Choco Filled Pepero,Choco Filled Pepero,Choco Filled Pepero,Пеперо с шоколадной начинкой,Pepero z nadzieniem czekoladowym,Choco Filled Pepero,Choco Filled Pepero,Choco Filled Pepero,Choco Filled Pepero,Pepero 巧克力夾心,チョコフィルド ペペロ,Choco Filled Pepero,Pepero 巧克力夹心,
STR_KF_C205_KO,초코필드 빼빼로,초코필드 빼빼로,초코필드 빼빼로,초코필드 빼빼로,초코필드 빼빼로,초코필드 빼빼로,초코필드 빼빼로,초코필드 빼빼로,초코필드 빼빼로,초코필드 빼빼로,초코필드 빼빼로,초코필드 빼빼로,초코필드 빼빼로,초코필드 빼빼로,
STR_KF_C206,Choco Filled Pepero (opened),Choco Filled Pepero (opened),Choco Filled Pepero (opened),Choco Filled Pepero (geöffnet),Пеперо с шоколадной начинкой (открыто),Pepero z nadzieniem czekoladowym (otwarte),Choco Filled Pepero (opened),Choco Filled Pepero (opened),Choco Filled Pepero (opened),Choco Filled Pepero (opened),Pepero 巧克力夾心 （已開封）,チョコフィルド ペペロ （開封済み）,Choco Filled Pepero (aberto),Pepero 巧克力夹心 （已开封）,
STR_KF_C206_KO,초코필드 빼빼로 (개봉),초코필드 빼빼로 (개봉),초코필드 빼빼로 (개봉),초코필드 빼빼로 (개봉),초코필드 빼빼로 (개봉),초코필드 빼빼로 (개봉),초코필드 빼빼로 (개봉),초코필드 빼빼로 (개봉),초코필드 빼빼로 (개봉),초코필드 빼빼로 (개봉),초코필드 빼빼로 (개봉),초코필드 빼빼로 (개봉),초코필드 빼빼로 (개봉),초코필드 빼빼로 (개봉),
STR_KF_C207,Crunky Pepero,Crunky Pepero,Crunky Pepero,Crunky Pepero,Пеперо Кранки,Pepero Crunky,Crunky Pepero,Crunky Pepero,Crunky Pepero,Crunky Pepero,Pepero Crunky,クランキー ペペロ,Crunky Pepero,Pepero Crunky,
STR_KF_C207_KO,크런키 빼빼로,크런키 빼빼로,크런키 빼빼로,크런키 빼빼로,크런키 빼빼로,크런키 빼빼로,크런키 빼빼로,크런키 빼빼로,크런키 빼빼로,크런키 빼빼로,크런키 빼빼로,크런키 빼빼로,크런키 빼빼로,크런키 빼빼로,
STR_KF_C208,Crunky Pepero (opened),Crunky Pepero (opened),Crunky Pepero (opened),Crunky Pepero (geöffnet),Пеперо Кранки (открыто),Pepero Crunky (otwarte),Crunky Pepero (opened),Crunky Pepero (opened),Crunky Pepero (opened),Crunky Pepero (opened),Pepero Crunky （已開封）,クランキー ペペロ （開封済み）,Crunky Pepero (aberto),Pepero Crunky （已开封）,
STR_KF_C208_KO,크런키 빼빼로 (개봉),크런키 빼빼로 (개봉),크런키 빼빼로 (개봉),크런키 빼빼로 (개봉),크런키 빼빼로 (개봉),크런키 빼빼로 (개봉),크런키 빼빼로 (개봉),크런키 빼빼로 (개봉),크런키 빼빼로 (개봉),크런키 빼빼로 (개봉),크런키 빼빼로 (개봉),크런키 빼빼로 (개봉),크런키 빼빼로 (개봉),크런키 빼빼로 (개봉),
STR_KF_C209,White Cookie Pepero,White Cookie Pepero,White Cookie Pepero,White Cookie Pepero,Пеперо с белым печеньем,Pepero White Cookie,White Cookie Pepero,White Cookie Pepero,White Cookie Pepero,White Cookie Pepero,Pepero 白巧克力餅乾,ホワイトクッキー ペペロ,White Cookie Pepero,Pepero 白巧克力饼干,
STR_KF_C209_KO,화이트쿠키 빼빼로,화이트쿠키 빼빼로,화이트쿠키 빼빼로,화이트쿠키 빼빼로,화이트쿠키 빼빼로,화이트쿠키 빼빼로,화이트쿠키 빼빼로,화이트쿠키 빼빼로,화이트쿠키 빼빼로,화이트쿠키 빼빼로,화이트쿠키 빼빼로,화이트쿠키 빼빼로,화이트쿠키 빼빼로,화이트쿠키 빼빼로,
STR_KF_C210,White Cookie Pepero (opened),White Cookie Pepero (opened),White Cookie Pepero (opened),White Cookie Pepero (geöffnet),Пеперо с белым печеньем (открыто),Pepero White Cookie (otwarte),White Cookie Pepero (opened),White Cookie Pepero (opened),White Cookie Pepero (opened),White Cookie Pepero (opened),Pepero 白巧克力餅乾 （已開封）,ホワイトクッキー ペペロ （開封済み）,White Cookie Pepero (aberto),Pepero 白巧克力饼干 （已开封）,
STR_KF_C210_KO,화이트쿠키 빼빼로 (개봉),화이트쿠키 빼빼로 (개봉),화이트쿠키 빼빼로 (개봉),화이트쿠키 빼빼로 (개봉),화이트쿠키 빼빼로 (개봉),화이트쿠키 빼빼로 (개봉),화이트쿠키 빼빼로 (개봉),화이트쿠키 빼빼로 (개봉),화이트쿠키 빼빼로 (개봉),화이트쿠키 빼빼로 (개봉),화이트쿠키 빼빼로 (개봉),화이트쿠키 빼빼로 (개봉),화이트쿠키 빼빼로 (개봉),화이트쿠키 빼빼로 (개봉),
STR_KF_C211,Choco Cookie Pepero,Choco Cookie Pepero,Choco Cookie Pepero,Choco Cookie Pepero,Пеперо с шоколадным печеньем,Pepero Choco Cookie,Choco Cookie Pepero,Choco Cookie Pepero,Choco Cookie Pepero,Choco Cookie Pepero,Pepero 巧克力餅乾,チョコクッキー ペペロ,Choco Cookie Pepero,Pepero 巧克力饼干,
STR_KF_C211_KO,초코쿠키 빼빼로,초코쿠키 빼빼로,초코쿠키 빼빼로,초코쿠키 빼빼로,초코쿠키 빼빼로,초코쿠키 빼빼로,초코쿠키 빼빼로,초코쿠키 빼빼로,초코쿠키 빼빼로,초코쿠키 빼빼로,초코쿠키 빼빼로,초코쿠키 빼빼로,초코쿠키 빼빼로,초코쿠키 빼빼로,
STR_KF_C212,Choco Cookie Pepero (opened),Choco Cookie Pepero (opened),Choco Cookie Pepero (opened),Choco Cookie Pepero (geöffnet),Пеперо с шоколадным печеньем (открыто),Pepero Choco Cookie (otwarte),Choco Cookie Pepero (opened),Choco Cookie Pepero (opened),Choco Cookie Pepero (opened),Choco Cookie Pepero (opened),Pepero 巧克力餅乾 （已開封）,チョコクッキー ペペロ （開封済み）,Choco Cookie Pepero (aberto),Pepero 巧克力饼干 （已开封）,
STR_KF_C212_KO,초코쿠키 빼빼로 (개봉),초코쿠키 빼빼로 (개봉),초코쿠키 빼빼로 (개봉),초코쿠키 빼빼로 (개봉),초코쿠키 빼빼로 (개봉),초코쿠키 빼빼로 (개봉),초코쿠키 빼빼로 (개봉),초코쿠키 빼빼로 (개봉),초코쿠키 빼빼로 (개봉),초코쿠키 빼빼로 (개봉),초코쿠키 빼빼로 (개봉),초코쿠키 빼빼로 (개봉),초코쿠키 빼빼로 (개봉),초코쿠키 빼빼로 (개봉),
STR_KF_C213,Home Run Ball Choco (classic pack),Home Run Ball Choco (classic pack),Home Run Ball Choco (classic pack),Home Run Ball Choco (Classic-Packung),Хоум Ран Болл шоколадный (классическая упаковка),Home Run Ball czekoladowe (klasyczne opakowanie),Home Run Ball Choco (classic pack),Home Run Ball Choco (classic pack),Home Run Ball Choco (classic pack),Home Run Ball Choco (classic pack),Home Run Ball 巧克力 （經典包裝）,ホームランボール チョコ （クラシック包装）,Home Run Ball Choco (embalagem clássica),Home Run Ball 巧克力 （经典包装）,
STR_KF_C213_KO,홈런볼 초코 (클래식 포장),홈런볼 초코 (클래식 포장),홈런볼 초코 (클래식 포장),홈런볼 초코 (클래식 포장),홈런볼 초코 (클래식 포장),홈런볼 초코 (클래식 포장),홈런볼 초코 (클래식 포장),홈런볼 초코 (클래식 포장),홈런볼 초코 (클래식 포장),홈런볼 초코 (클래식 포장),홈런볼 초코 (클래식 포장),홈런볼 초코 (클래식 포장),홈런볼 초코 (클래식 포장),홈런볼 초코 (클래식 포장),
STR_KF_C214,Home Run Ball Choco (classic pack) (opened),Home Run Ball Choco (classic pack) (opened),Home Run Ball Choco (classic pack) (opened),Home Run Ball Choco (Classic-Packung) (geöffnet),Хоум Ран Болл шоколадный (классическая упаковка) (открыто),Home Run Ball czekoladowe (klasyczne opakowanie) (otwarte),Home Run Ball Choco (classic pack) (opened),Home Run Ball Choco (classic pack) (opened),Home Run Ball Choco (classic pack) (opened),Home Run Ball Choco (classic pack) (opened),Home Run Ball 巧克力 （經典包裝） （已開封）,ホームランボール チョコ （クラシック包装） （開封済み）,Home Run Ball Choco (embalagem clássica) (aberto),Home Run Ball 巧克力 （经典包装） （已开封）,
STR_KF_C214_KO,홈런볼 초코 (클래식 포장) (개봉),홈런볼 초코 (클래식 포장) (개봉),홈런볼 초코 (클래식 포장) (개봉),홈런볼 초코 (클래식 포장) (개봉),홈런볼 초코 (클래식 포장) (개봉),홈런볼 초코 (클래식 포장) (개봉),홈런볼 초코 (클래식 포장) (개봉),홈런볼 초코 (클래식 포장) (개봉),홈런볼 초코 (클래식 포장) (개봉),홈런볼 초코 (클래식 포장) (개봉),홈런볼 초코 (클래식 포장) (개봉),홈런볼 초코 (클래식 포장) (개봉),홈런볼 초코 (클래식 포장) (개봉),홈런볼 초코 (클래식 포장) (개봉),
STR_KF_C215,Home Run Ball Salt Milk,Home Run Ball Salt Milk,Home Run Ball Salt Milk,Home Run Ball Salzmilch,Хоум Ран Болл солёное молоко,Home Run Ball słone mleko,Home Run Ball Salt Milk,Home Run Ball Salt Milk,Home Run Ball Salt Milk,Home Run Ball Salt Milk,Home Run Ball 鹽味牛奶,ホームランボール 塩ミルク,Home Run Ball Leite com Sal,Home Run Ball 盐味牛奶,
STR_KF_C215_KO,홈런볼 소금우유,홈런볼 소금우유,홈런볼 소금우유,홈런볼 소금우유,홈런볼 소금우유,홈런볼 소금우유,홈런볼 소금우유,홈런볼 소금우유,홈런볼 소금우유,홈런볼 소금우유,홈런볼 소금우유,홈런볼 소금우유,홈런볼 소금우유,홈런볼 소금우유,
STR_KF_C216,Home Run Ball Salt Milk (opened),Home Run Ball Salt Milk (opened),Home Run Ball Salt Milk (opened),Home Run Ball Salzmilch (geöffnet),Хоум Ран Болл солёное молоко (открыто),Home Run Ball słone mleko (otwarte),Home Run Ball Salt Milk (opened),Home Run Ball Salt Milk (opened),Home Run Ball Salt Milk (opened),Home Run Ball Salt Milk (opened),Home Run Ball 鹽味牛奶 （已開封）,ホームランボール 塩ミルク （開封済み）,Home Run Ball Leite com Sal (aberto),Home Run Ball 盐味牛奶 （已开封）,
STR_KF_C216_KO,홈런볼 소금우유 (개봉),홈런볼 소금우유 (개봉),홈런볼 소금우유 (개봉),홈런볼 소금우유 (개봉),홈런볼 소금우유 (개봉),홈런볼 소금우유 (개봉),홈런볼 소금우유 (개봉),홈런볼 소금우유 (개봉),홈런볼 소금우유 (개봉),홈런볼 소금우유 (개봉),홈런볼 소금우유 (개봉),홈런볼 소금우유 (개봉),홈런볼 소금우유 (개봉),홈런볼 소금우유 (개봉),
STR_KF_C217,Kkokkalcorn Roasted Corn,Kkokkalcorn Roasted Corn,Kkokkalcorn Roasted Corn,Kkokkalcorn Gerösteter Mais,Коккалькорн печёная кукуруза,Kkokkalcorn pieczona kukurydza,Kkokkalcorn Roasted Corn,Kkokkalcorn Roasted Corn,Kkokkalcorn Roasted Corn,Kkokkalcorn Roasted Corn,Kkokkalcorn 玉米脆角 烤玉米味,コッカルコーン 焼きとうもろこし味,Kkokkalcorn Milho Assado,Kkokkalcorn 玉米脆角 烤玉米味,
STR_KF_C217_KO,꼬깔콘 군옥수수맛,꼬깔콘 군옥수수맛,꼬깔콘 군옥수수맛,꼬깔콘 군옥수수맛,꼬깔콘 군옥수수맛,꼬깔콘 군옥수수맛,꼬깔콘 군옥수수맛,꼬깔콘 군옥수수맛,꼬깔콘 군옥수수맛,꼬깔콘 군옥수수맛,꼬깔콘 군옥수수맛,꼬깔콘 군옥수수맛,꼬깔콘 군옥수수맛,꼬깔콘 군옥수수맛,
STR_KF_C218,Kkokkalcorn Roasted Corn (opened),Kkokkalcorn Roasted Corn (opened),Kkokkalcorn Roasted Corn (opened),Kkokkalcorn Gerösteter Mais (geöffnet),Коккалькорн печёная кукуруза (открыто),Kkokkalcorn pieczona kukurydza (otwarte),Kkokkalcorn Roasted Corn (opened),Kkokkalcorn Roasted Corn (opened),Kkokkalcorn Roasted Corn (opened),Kkokkalcorn Roasted Corn (opened),Kkokkalcorn 玉米脆角 烤玉米味 （已開封）,コッカルコーン 焼きとうもろこし味 （開封済み）,Kkokkalcorn Milho Assado (aberto),Kkokkalcorn 玉米脆角 烤玉米味 （已开封）,
STR_KF_C218_KO,꼬깔콘 군옥수수맛 (개봉),꼬깔콘 군옥수수맛 (개봉),꼬깔콘 군옥수수맛 (개봉),꼬깔콘 군옥수수맛 (개봉),꼬깔콘 군옥수수맛 (개봉),꼬깔콘 군옥수수맛 (개봉),꼬깔콘 군옥수수맛 (개봉),꼬깔콘 군옥수수맛 (개봉),꼬깔콘 군옥수수맛 (개봉),꼬깔콘 군옥수수맛 (개봉),꼬깔콘 군옥수수맛 (개봉),꼬깔콘 군옥수수맛 (개봉),꼬깔콘 군옥수수맛 (개봉),꼬깔콘 군옥수수맛 (개봉),
STR_KF_C219,Kkokkalcorn Sweet & Spicy,Kkokkalcorn Sweet & Spicy,Kkokkalcorn Sweet & Spicy,Kkokkalcorn Süß & Scharf,Коккалькорн остро-сладкий,Kkokkalcorn słodko-pikantne,Kkokkalcorn Sweet & Spicy,Kkokkalcorn Sweet & Spicy,Kkokkalcorn Sweet & Spicy,Kkokkalcorn Sweet & Spicy,Kkokkalcorn 玉米脆角 甜辣味,コッカルコーン 甘辛味,Kkokkalcorn Doce e Picante,Kkokkalcorn 玉米脆角 甜辣味,
STR_KF_C219_KO,꼬깔콘 매콤달콤한맛,꼬깔콘 매콤달콤한맛,꼬깔콘 매콤달콤한맛,꼬깔콘 매콤달콤한맛,꼬깔콘 매콤달콤한맛,꼬깔콘 매콤달콤한맛,꼬깔콘 매콤달콤한맛,꼬깔콘 매콤달콤한맛,꼬깔콘 매콤달콤한맛,꼬깔콘 매콤달콤한맛,꼬깔콘 매콤달콤한맛,꼬깔콘 매콤달콤한맛,꼬깔콘 매콤달콤한맛,꼬깔콘 매콤달콤한맛,
STR_KF_C220,Kkokkalcorn Sweet & Spicy (opened),Kkokkalcorn Sweet & Spicy (opened),Kkokkalcorn Sweet & Spicy (opened),Kkokkalcorn Süß & Scharf (geöffnet),Коккалькорн остро-сладкий (открыто),Kkokkalcorn słodko-pikantne (otwarte),Kkokkalcorn Sweet & Spicy (opened),Kkokkalcorn Sweet & Spicy (opened),Kkokkalcorn Sweet & Spicy (opened),Kkokkalcorn Sweet & Spicy (opened),Kkokkalcorn 玉米脆角 甜辣味 （已開封）,コッカルコーン 甘辛味 （開封済み）,Kkokkalcorn Doce e Picante (aberto),Kkokkalcorn 玉米脆角 甜辣味 （已开封）,
STR_KF_C220_KO,꼬깔콘 매콤달콤한맛 (개봉),꼬깔콘 매콤달콤한맛 (개봉),꼬깔콘 매콤달콤한맛 (개봉),꼬깔콘 매콤달콤한맛 (개봉),꼬깔콘 매콤달콤한맛 (개봉),꼬깔콘 매콤달콤한맛 (개봉),꼬깔콘 매콤달콤한맛 (개봉),꼬깔콘 매콤달콤한맛 (개봉),꼬깔콘 매콤달콤한맛 (개봉),꼬깔콘 매콤달콤한맛 (개봉),꼬깔콘 매콤달콤한맛 (개봉),꼬깔콘 매콤달콤한맛 (개봉),꼬깔콘 매콤달콤한맛 (개봉),꼬깔콘 매콤달콤한맛 (개봉),
STR_KF_C221,Kkokkalcorn Waxy Corn,Kkokkalcorn Waxy Corn,Kkokkalcorn Waxy Corn,Kkokkalcorn Wachsmais,Коккалькорн клейкая кукуруза,Kkokkalcorn kukurydza woskowa,Kkokkalcorn Waxy Corn,Kkokkalcorn Waxy Corn,Kkokkalcorn Waxy Corn,Kkokkalcorn Waxy Corn,Kkokkalcorn 玉米脆角 糯玉米味,コッカルコーン もちとうもろこし味,Kkokkalcorn Milho Ceroso,Kkokkalcorn 玉米脆角 糯玉米味,
STR_KF_C221_KO,꼬깔콘 찰옥수수맛,꼬깔콘 찰옥수수맛,꼬깔콘 찰옥수수맛,꼬깔콘 찰옥수수맛,꼬깔콘 찰옥수수맛,꼬깔콘 찰옥수수맛,꼬깔콘 찰옥수수맛,꼬깔콘 찰옥수수맛,꼬깔콘 찰옥수수맛,꼬깔콘 찰옥수수맛,꼬깔콘 찰옥수수맛,꼬깔콘 찰옥수수맛,꼬깔콘 찰옥수수맛,꼬깔콘 찰옥수수맛,
STR_KF_C222,Kkokkalcorn Waxy Corn (opened),Kkokkalcorn Waxy Corn (opened),Kkokkalcorn Waxy Corn (opened),Kkokkalcorn Wachsmais (geöffnet),Коккалькорн клейкая кукуруза (открыто),Kkokkalcorn kukurydza woskowa (otwarte),Kkokkalcorn Waxy Corn (opened),Kkokkalcorn Waxy Corn (opened),Kkokkalcorn Waxy Corn (opened),Kkokkalcorn Waxy Corn (opened),Kkokkalcorn 玉米脆角 糯玉米味 （已開封）,コッカルコーン もちとうもろこし味 （開封済み）,Kkokkalcorn Milho Ceroso (aberto),Kkokkalcorn 玉米脆角 糯玉米味 （已开封）,
STR_KF_C222_KO,꼬깔콘 찰옥수수맛 (개봉),꼬깔콘 찰옥수수맛 (개봉),꼬깔콘 찰옥수수맛 (개봉),꼬깔콘 찰옥수수맛 (개봉),꼬깔콘 찰옥수수맛 (개봉),꼬깔콘 찰옥수수맛 (개봉),꼬깔콘 찰옥수수맛 (개봉),꼬깔콘 찰옥수수맛 (개봉),꼬깔콘 찰옥수수맛 (개봉),꼬깔콘 찰옥수수맛 (개봉),꼬깔콘 찰옥수수맛 (개봉),꼬깔콘 찰옥수수맛 (개봉),꼬깔콘 찰옥수수맛 (개봉),꼬깔콘 찰옥수수맛 (개봉),
STR_KF_C223,Maxim White Gold Coffee Mix,Maxim White Gold Coffee Mix,Maxim White Gold Coffee Mix,Maxim White Gold Kaffeemix,Кофейный микс Максим Уайт Голд,Maxim White Gold Coffee Mix,Maxim White Gold Coffee Mix,Maxim White Gold Coffee Mix,Maxim White Gold Coffee Mix,Maxim White Gold Coffee Mix,Maxim 白金即溶咖啡,マキシム ホワイトゴールド コーヒーミックス,Mistura de Café Maxim White Gold,Maxim 白金速溶咖啡,
STR_KF_C223_KO,맥심 화이트골드 커피믹스,맥심 화이트골드 커피믹스,맥심 화이트골드 커피믹스,맥심 화이트골드 커피믹스,맥심 화이트골드 커피믹스,맥심 화이트골드 커피믹스,맥심 화이트골드 커피믹스,맥심 화이트골드 커피믹스,맥심 화이트골드 커피믹스,맥심 화이트골드 커피믹스,맥심 화이트골드 커피믹스,맥심 화이트골드 커피믹스,맥심 화이트골드 커피믹스,맥심 화이트골드 커피믹스,
STR_KF_C224,"Combine with an empty paper cup to add 11.7 g, then add 200 mL of water.","Combine with an empty paper cup to add 11.7 g, then add 200 mL of water.","Combine with an empty paper cup to add 11.7 g, then add 200 mL of water.","Mit einem leeren Pappbecher kombinieren, um 11,7 g einzufüllen, dann 200 mL Wasser hinzufügen.","Объедините с пустым бумажным стаканом, чтобы насыпать 11.7 g, затем добавьте 200 mL воды.","Połącz z pustym papierowym kubkiem, aby wsypać 11.7 g, potem dodaj 200 mL wody.","Combine with an empty paper cup to add 11.7 g, then add 200 mL of water.","Combine with an empty paper cup to add 11.7 g, then add 200 mL of water.","Combine with an empty paper cup to add 11.7 g, then add 200 mL of water.","Combine with an empty paper cup to add 11.7 g, then add 200 mL of water.",與空紙杯組合放入11.7g，再加入200mL的水。,空の紙コップと組み合わせて11.7gを入れ、水200mLを加えます。,"Combine com um copo de papel vazio para colocar 11,7 g e depois adicione 200 mL de água.",与空纸杯组合放入11.7g，再加入200mL的水。,
STR_KF_C224_KO,빈 종이컵과 조합해 11.7g을 담고 물 200mL를 넣습니다.,빈 종이컵과 조합해 11.7g을 담고 물 200mL를 넣습니다.,빈 종이컵과 조합해 11.7g을 담고 물 200mL를 넣습니다.,빈 종이컵과 조합해 11.7g을 담고 물 200mL를 넣습니다.,빈 종이컵과 조합해 11.7g을 담고 물 200mL를 넣습니다.,빈 종이컵과 조합해 11.7g을 담고 물 200mL를 넣습니다.,빈 종이컵과 조합해 11.7g을 담고 물 200mL를 넣습니다.,빈 종이컵과 조합해 11.7g을 담고 물 200mL를 넣습니다.,빈 종이컵과 조합해 11.7g을 담고 물 200mL를 넣습니다.,빈 종이컵과 조합해 11.7g을 담고 물 200mL를 넣습니다.,빈 종이컵과 조합해 11.7g을 담고 물 200mL를 넣습니다.,빈 종이컵과 조합해 11.7g을 담고 물 200mL를 넣습니다.,빈 종이컵과 조합해 11.7g을 담고 물 200mL를 넣습니다.,빈 종이컵과 조합해 11.7g을 담고 물 200mL를 넣습니다.,
STR_KF_C225,Maxim White Gold Coffee Mix (powder in cup),Maxim White Gold Coffee Mix (powder in cup),Maxim White Gold Coffee Mix (powder in cup),Maxim White Gold Kaffeemix (Pulver im Becher),Кофейный микс Максим Уайт Голд (порошок в стакане),Maxim White Gold Coffee Mix (proszek w kubku),Maxim White Gold Coffee Mix (powder in cup),Maxim White Gold Coffee Mix (powder in cup),Maxim White Gold Coffee Mix (powder in cup),Maxim White Gold Coffee Mix (powder in cup),Maxim 白金即溶咖啡 （杯中粉末）,マキシム ホワイトゴールド コーヒーミックス （カップに粉入り）,Mistura de Café Maxim White Gold (pó no copo),Maxim 白金速溶咖啡 （杯中粉末）,
STR_KF_C225_KO,맥심 화이트골드 커피믹스 (컵에 담은 가루),맥심 화이트골드 커피믹스 (컵에 담은 가루),맥심 화이트골드 커피믹스 (컵에 담은 가루),맥심 화이트골드 커피믹스 (컵에 담은 가루),맥심 화이트골드 커피믹스 (컵에 담은 가루),맥심 화이트골드 커피믹스 (컵에 담은 가루),맥심 화이트골드 커피믹스 (컵에 담은 가루),맥심 화이트골드 커피믹스 (컵에 담은 가루),맥심 화이트골드 커피믹스 (컵에 담은 가루),맥심 화이트골드 커피믹스 (컵에 담은 가루),맥심 화이트골드 커피믹스 (컵에 담은 가루),맥심 화이트골드 커피믹스 (컵에 담은 가루),맥심 화이트골드 커피믹스 (컵에 담은 가루),맥심 화이트골드 커피믹스 (컵에 담은 가루),
STR_KF_C226,Maxim White Gold Coffee Mix (ready),Maxim White Gold Coffee Mix (ready),Maxim White Gold Coffee Mix (ready),Maxim White Gold Kaffeemix (fertig),Кофейный микс Максим Уайт Голд (готово),Maxim White Gold Coffee Mix (gotowe),Maxim White Gold Coffee Mix (ready),Maxim White Gold Coffee Mix (ready),Maxim White Gold Coffee Mix (ready),Maxim White Gold Coffee Mix (ready),Maxim 白金即溶咖啡 （完成）,マキシム ホワイトゴールド コーヒーミックス （完成）,Mistura de Café Maxim White Gold (pronta),Maxim 白金速溶咖啡 （完成）,
STR_KF_C226_KO,맥심 화이트골드 커피믹스 (완성),맥심 화이트골드 커피믹스 (완성),맥심 화이트골드 커피믹스 (완성),맥심 화이트골드 커피믹스 (완성),맥심 화이트골드 커피믹스 (완성),맥심 화이트골드 커피믹스 (완성),맥심 화이트골드 커피믹스 (완성),맥심 화이트골드 커피믹스 (완성),맥심 화이트골드 커피믹스 (완성),맥심 화이트골드 커피믹스 (완성),맥심 화이트골드 커피믹스 (완성),맥심 화이트골드 커피믹스 (완성),맥심 화이트골드 커피믹스 (완성),맥심 화이트골드 커피믹스 (완성),
STR_KF_C227,Melona Milk,Melona Milk,Melona Milk,Melona-Milch,Молоко со вкусом Мелоны,Mleko o smaku Melona,Melona Milk,Melona Milk,Melona Milk,Melona Milk,Melona 哈密瓜牛奶,メロナ味牛乳,Leite sabor Melona,Melona 哈密瓜牛奶,
STR_KF_C227_KO,메로나맛 우유,메로나맛 우유,메로나맛 우유,메로나맛 우유,메로나맛 우유,메로나맛 우유,메로나맛 우유,메로나맛 우유,메로나맛 우유,메로나맛 우유,메로나맛 우유,메로나맛 우유,메로나맛 우유,메로나맛 우유,
STR_KF_C228,Strawberry Milk,Strawberry Milk,Strawberry Milk,Erdbeermilch,Клубничное молоко,Mleko truskawkowe,Strawberry Milk,Strawberry Milk,Strawberry Milk,Strawberry Milk,草莓牛奶,いちご牛乳,Leite de Morango,草莓牛奶,
STR_KF_C228_KO,딸기맛 우유,딸기맛 우유,딸기맛 우유,딸기맛 우유,딸기맛 우유,딸기맛 우유,딸기맛 우유,딸기맛 우유,딸기맛 우유,딸기맛 우유,딸기맛 우유,딸기맛 우유,딸기맛 우유,딸기맛 우유,
STR_KF_C229,Oran C Calamansi,Oran C Calamansi,Oran C Calamansi,Oran C Calamansi,Оран Си каламанси,Oran C kalamansi,Oran C Calamansi,Oran C Calamansi,Oran C Calamansi,Oran C Calamansi,Oran C 金桔,オランC カラマンシー,Oran C Calamansi,Oran C 青金桔,
STR_KF_C229_KO,오란씨 깔라만시,오란씨 깔라만시,오란씨 깔라만시,오란씨 깔라만시,오란씨 깔라만시,오란씨 깔라만시,오란씨 깔라만시,오란씨 깔라만시,오란씨 깔라만시,오란씨 깔라만시,오란씨 깔라만시,오란씨 깔라만시,오란씨 깔라만시,오란씨 깔라만시,
STR_KF_C230,Oran C Orange,Oran C Orange,Oran C Orange,Oran C Orange,Оран Си апельсин,Oran C pomarańczowy,Oran C Orange,Oran C Orange,Oran C Orange,Oran C Orange,Oran C 柳橙,オランC オレンジ,Oran C Laranja,Oran C 橙子,
STR_KF_C230_KO,오란씨 오렌지,오란씨 오렌지,오란씨 오렌지,오란씨 오렌지,오란씨 오렌지,오란씨 오렌지,오란씨 오렌지,오란씨 오렌지,오란씨 오렌지,오란씨 오렌지,오란씨 오렌지,오란씨 오렌지,오란씨 오렌지,오란씨 오렌지,
STR_KF_C231,Crushed Pear Drink PET,Crushed Pear Drink PET,Crushed Pear Drink PET,Birnensaft mit Fruchtmark (PET-Flasche),"Грушевый напиток с мякотью, ПЭТ",Napój z tartej gruszki PET,Crushed Pear Drink PET,Crushed Pear Drink PET,Crushed Pear Drink PET,Crushed Pear Drink PET,梨汁 寶特瓶,すりおろし梨ジュース ペットボトル,Suco de Pera Ralada (garrafa PET),梨汁 瓶装,
STR_KF_C231_KO,갈아만든 배 PET,갈아만든 배 PET,갈아만든 배 PET,갈아만든 배 PET,갈아만든 배 PET,갈아만든 배 PET,갈아만든 배 PET,갈아만든 배 PET,갈아만든 배 PET,갈아만든 배 PET,갈아만든 배 PET,갈아만든 배 PET,갈아만든 배 PET,갈아만든 배 PET,
STR_KF_C232,Chestnut Yanggaeng,Chestnut Yanggaeng,Chestnut Yanggaeng,Kastanien-Yanggaeng,Каштановый янгэн,Yanggaeng kasztanowy,Chestnut Yanggaeng,Chestnut Yanggaeng,Chestnut Yanggaeng,Chestnut Yanggaeng,栗子羊羹,栗羊羹,Yanggaeng de Castanha,栗子羊羹,
STR_KF_C232_KO,밤양갱,밤양갱,밤양갱,밤양갱,밤양갱,밤양갱,밤양갱,밤양갱,밤양갱,밤양갱,밤양갱,밤양갱,밤양갱,밤양갱,
STR_KF_C233,Chestnut Yanggaeng (opened),Chestnut Yanggaeng (opened),Chestnut Yanggaeng (opened),Kastanien-Yanggaeng (geöffnet),Каштановый янгэн (открыто),Yanggaeng kasztanowy (otwarte),Chestnut Yanggaeng (opened),Chestnut Yanggaeng (opened),Chestnut Yanggaeng (opened),Chestnut Yanggaeng (opened),栗子羊羹 （已開封）,栗羊羹 （開封済み）,Yanggaeng de Castanha (aberto),栗子羊羹 （已开封）,
STR_KF_C233_KO,밤양갱 (개봉),밤양갱 (개봉),밤양갱 (개봉),밤양갱 (개봉),밤양갱 (개봉),밤양갱 (개봉),밤양갱 (개봉),밤양갱 (개봉),밤양갱 (개봉),밤양갱 (개봉),밤양갱 (개봉),밤양갱 (개봉),밤양갱 (개봉),밤양갱 (개봉),
STR_KF_C234,Gatorade Zero,Gatorade Zero,Gatorade Zero,Gatorade Zero,Гаторейд Зеро,Gatorade Zero,Gatorade Zero,Gatorade Zero,Gatorade Zero,Gatorade Zero,開特力 Zero,ゲータレード ゼロ,Gatorade Zero,佳得乐 无糖,
STR_KF_C234_KO,게토레이 제로,게토레이 제로,게토레이 제로,게토레이 제로,게토레이 제로,게토레이 제로,게토레이 제로,게토레이 제로,게토레이 제로,게토레이 제로,게토레이 제로,게토레이 제로,게토레이 제로,게토레이 제로,
STR_KF_C235,Gatorade Blue Bolt,Gatorade Blue Bolt,Gatorade Blue Bolt,Gatorade Blue Bolt,Гаторейд Блю Болт,Gatorade Blue Bolt,Gatorade Blue Bolt,Gatorade Blue Bolt,Gatorade Blue Bolt,Gatorade Blue Bolt,開特力 Blue Bolt,ゲータレード ブルーボルト,Gatorade Blue Bolt,佳得乐 Blue Bolt,
STR_KF_C235_KO,게토레이 블루볼트,게토레이 블루볼트,게토레이 블루볼트,게토레이 블루볼트,게토레이 블루볼트,게토레이 블루볼트,게토레이 블루볼트,게토레이 블루볼트,게토레이 블루볼트,게토레이 블루볼트,게토레이 블루볼트,게토레이 블루볼트,게토레이 블루볼트,게토레이 블루볼트,
STR_KF_C236,Bacchus F,Bacchus F,Bacchus F,Bacchus F,Бакхус F,Bacchus F,Bacchus F,Bacchus F,Bacchus F,Bacchus F,Bacchus F,バッカスF,Bacchus F,Bacchus F,
STR_KF_C236_KO,박카스 F,박카스 F,박카스 F,박카스 F,박카스 F,박카스 F,박카스 F,박카스 F,박카스 F,박카스 F,박카스 F,박카스 F,박카스 F,박카스 F,
STR_KF_C237,Freeze-dried Beef Bone Seaweed Soup,Freeze-dried Beef Bone Seaweed Soup,Freeze-dried Beef Bone Seaweed Soup,Gefriergetrocknete Rinderknochen-Seetangsuppe,Сублимированный суп из морской капусты на говяжьем бульоне,Liofilizowana zupa z wodorostów na bulionie wołowym,Freeze-dried Beef Bone Seaweed Soup,Freeze-dried Beef Bone Seaweed Soup,Freeze-dried Beef Bone Seaweed Soup,Freeze-dried Beef Bone Seaweed Soup,凍乾牛骨海帶湯,フリーズドライ 牛骨わかめスープ,Sopa de Alga com Caldo de Osso Liofilizada,冻干牛骨海带汤,
STR_KF_C237_KO,동결건조 사골미역국,동결건조 사골미역국,동결건조 사골미역국,동결건조 사골미역국,동결건조 사골미역국,동결건조 사골미역국,동결건조 사골미역국,동결건조 사골미역국,동결건조 사골미역국,동결건조 사골미역국,동결건조 사골미역국,동결건조 사골미역국,동결건조 사골미역국,동결건조 사골미역국,
STR_KF_C238,Freeze-dried Beef Bone Seaweed Soup (powder in cup),Freeze-dried Beef Bone Seaweed Soup (powder in cup),Freeze-dried Beef Bone Seaweed Soup (powder in cup),Gefriergetrocknete Rinderknochen-Seetangsuppe (Pulver im Becher),Сублимированный суп из морской капусты на говяжьем бульоне (порошок в стакане),Liofilizowana zupa z wodorostów na bulionie wołowym (proszek w kubku),Freeze-dried Beef Bone Seaweed Soup (powder in cup),Freeze-dried Beef Bone Seaweed Soup (powder in cup),Freeze-dried Beef Bone Seaweed Soup (powder in cup),Freeze-dried Beef Bone Seaweed Soup (powder in cup),凍乾牛骨海帶湯 （杯中粉末）,フリーズドライ 牛骨わかめスープ （カップに粉入り）,Sopa de Alga com Caldo de Osso Liofilizada (pó no copo),冻干牛骨海带汤 （杯中粉末）,
STR_KF_C238_KO,동결건조 사골미역국 (컵에 담은 가루),동결건조 사골미역국 (컵에 담은 가루),동결건조 사골미역국 (컵에 담은 가루),동결건조 사골미역국 (컵에 담은 가루),동결건조 사골미역국 (컵에 담은 가루),동결건조 사골미역국 (컵에 담은 가루),동결건조 사골미역국 (컵에 담은 가루),동결건조 사골미역국 (컵에 담은 가루),동결건조 사골미역국 (컵에 담은 가루),동결건조 사골미역국 (컵에 담은 가루),동결건조 사골미역국 (컵에 담은 가루),동결건조 사골미역국 (컵에 담은 가루),동결건조 사골미역국 (컵에 담은 가루),동결건조 사골미역국 (컵에 담은 가루),
STR_KF_C239,Freeze-dried Beef Bone Seaweed Soup (ready),Freeze-dried Beef Bone Seaweed Soup (ready),Freeze-dried Beef Bone Seaweed Soup (ready),Gefriergetrocknete Rinderknochen-Seetangsuppe (fertig),Сублимированный суп из морской капусты на говяжьем бульоне (готово),Liofilizowana zupa z wodorostów na bulionie wołowym (gotowe),Freeze-dried Beef Bone Seaweed Soup (ready),Freeze-dried Beef Bone Seaweed Soup (ready),Freeze-dried Beef Bone Seaweed Soup (ready),Freeze-dried Beef Bone Seaweed Soup (ready),凍乾牛骨海帶湯 （完成）,フリーズドライ 牛骨わかめスープ （完成）,Sopa de Alga com Caldo de Osso Liofilizada (pronta),冻干牛骨海带汤 （完成）,
STR_KF_C239_KO,동결건조 사골미역국 (완성),동결건조 사골미역국 (완성),동결건조 사골미역국 (완성),동결건조 사골미역국 (완성),동결건조 사골미역국 (완성),동결건조 사골미역국 (완성),동결건조 사골미역국 (완성),동결건조 사골미역국 (완성),동결건조 사골미역국 (완성),동결건조 사골미역국 (완성),동결건조 사골미역국 (완성),동결건조 사골미역국 (완성),동결건조 사골미역국 (완성),동결건조 사골미역국 (완성),
STR_KF_C240,Freeze-dried Yukgaejang,Freeze-dried Yukgaejang,Freeze-dried Yukgaejang,Gefriergetrocknetes Yukgaejang,Сублимированный юккеджан,Liofilizowany yukgaejang,Freeze-dried Yukgaejang,Freeze-dried Yukgaejang,Freeze-dried Yukgaejang,Freeze-dried Yukgaejang,凍乾辣牛肉湯,フリーズドライ ユッケジャン,Yukgaejang Liofilizado,冻干辣牛肉汤,
STR_KF_C240_KO,동결건조 육개장,동결건조 육개장,동결건조 육개장,동결건조 육개장,동결건조 육개장,동결건조 육개장,동결건조 육개장,동결건조 육개장,동결건조 육개장,동결건조 육개장,동결건조 육개장,동결건조 육개장,동결건조 육개장,동결건조 육개장,
STR_KF_C241,Freeze-dried Yukgaejang (powder in cup),Freeze-dried Yukgaejang (powder in cup),Freeze-dried Yukgaejang (powder in cup),Gefriergetrocknetes Yukgaejang (Pulver im Becher),Сублимированный юккеджан (порошок в стакане),Liofilizowany yukgaejang (proszek w kubku),Freeze-dried Yukgaejang (powder in cup),Freeze-dried Yukgaejang (powder in cup),Freeze-dried Yukgaejang (powder in cup),Freeze-dried Yukgaejang (powder in cup),凍乾辣牛肉湯 （杯中粉末）,フリーズドライ ユッケジャン （カップに粉入り）,Yukgaejang Liofilizado (pó no copo),冻干辣牛肉汤 （杯中粉末）,
STR_KF_C241_KO,동결건조 육개장 (컵에 담은 가루),동결건조 육개장 (컵에 담은 가루),동결건조 육개장 (컵에 담은 가루),동결건조 육개장 (컵에 담은 가루),동결건조 육개장 (컵에 담은 가루),동결건조 육개장 (컵에 담은 가루),동결건조 육개장 (컵에 담은 가루),동결건조 육개장 (컵에 담은 가루),동결건조 육개장 (컵에 담은 가루),동결건조 육개장 (컵에 담은 가루),동결건조 육개장 (컵에 담은 가루),동결건조 육개장 (컵에 담은 가루),동결건조 육개장 (컵에 담은 가루),동결건조 육개장 (컵에 담은 가루),
STR_KF_C242,Freeze-dried Yukgaejang (ready),Freeze-dried Yukgaejang (ready),Freeze-dried Yukgaejang (ready),Gefriergetrocknetes Yukgaejang (fertig),Сублимированный юккеджан (готово),Liofilizowany yukgaejang (gotowe),Freeze-dried Yukgaejang (ready),Freeze-dried Yukgaejang (ready),Freeze-dried Yukgaejang (ready),Freeze-dried Yukgaejang (ready),凍乾辣牛肉湯 （完成）,フリーズドライ ユッケジャン （完成）,Yukgaejang Liofilizado (pronto),冻干辣牛肉汤 （完成）,
STR_KF_C242_KO,동결건조 육개장 (완성),동결건조 육개장 (완성),동결건조 육개장 (완성),동결건조 육개장 (완성),동결건조 육개장 (완성),동결건조 육개장 (완성),동결건조 육개장 (완성),동결건조 육개장 (완성),동결건조 육개장 (완성),동결건조 육개장 (완성),동결건조 육개장 (완성),동결건조 육개장 (완성),동결건조 육개장 (완성),동결건조 육개장 (완성),
STR_KF_C243,Inner Pouch · Retort Curry,Inner Pouch · Retort Curry,Inner Pouch · Retort Curry,Innenbeutel · Retorten-Curry,Внутренний пакет · Карри в реторт-пакете,Wewnętrzna saszetka · Curry w saszetce retort,Inner Pouch · Retort Curry,Inner Pouch · Retort Curry,Inner Pouch · Retort Curry,Inner Pouch · Retort Curry,內袋 · 調理包咖哩,内袋 · レトルトカレー,Sachê Interno · Curry Instantâneo,内袋 · 即食咖喱,
STR_KF_C243_KO,속봉지 · 레토르트 카레,속봉지 · 레토르트 카레,속봉지 · 레토르트 카레,속봉지 · 레토르트 카레,속봉지 · 레토르트 카레,속봉지 · 레토르트 카레,속봉지 · 레토르트 카레,속봉지 · 레토르트 카레,속봉지 · 레토르트 카레,속봉지 · 레토르트 카레,속봉지 · 레토르트 카레,속봉지 · 레토르트 카레,속봉지 · 레토르트 카레,속봉지 · 레토르트 카레,
STR_KF_C244,Inner Pouch · Retort Jjajang,Inner Pouch · Retort Jjajang,Inner Pouch · Retort Jjajang,Innenbeutel · Retorten-Jjajang,Внутренний пакет · Чаджан в реторт-пакете,Wewnętrzna saszetka · Jjajang w saszetce retort,Inner Pouch · Retort Jjajang,Inner Pouch · Retort Jjajang,Inner Pouch · Retort Jjajang,Inner Pouch · Retort Jjajang,內袋 · 調理包炸醬,内袋 · レトルトチャジャン,Sachê Interno · Jjajang Instantâneo,内袋 · 即食炸酱,
STR_KF_C244_KO,속봉지 · 레토르트 짜장,속봉지 · 레토르트 짜장,속봉지 · 레토르트 짜장,속봉지 · 레토르트 짜장,속봉지 · 레토르트 짜장,속봉지 · 레토르트 짜장,속봉지 · 레토르트 짜장,속봉지 · 레토르트 짜장,속봉지 · 레토르트 짜장,속봉지 · 레토르트 짜장,속봉지 · 레토르트 짜장,속봉지 · 레토르트 짜장,속봉지 · 레토르트 짜장,속봉지 · 레토르트 짜장,
STR_KF_C245,Combat Ration Type 1,Combat Ration Type 1,Combat Ration Type 1,Kampfration Typ 1,"Боевой рацион, тип 1",Racja bojowa typ 1,Combat Ration Type 1,Combat Ration Type 1,Combat Ration Type 1,Combat Ration Type 1,戰鬥口糧 1型,戦闘糧食 1型,Ração de Combate Tipo 1,战斗口粮 1型,
STR_KF_C245_KO,전투용 식량 1형,전투용 식량 1형,전투용 식량 1형,전투용 식량 1형,전투용 식량 1형,전투용 식량 1형,전투용 식량 1형,전투용 식량 1형,전투용 식량 1형,전투용 식량 1형,전투용 식량 1형,전투용 식량 1형,전투용 식량 1형,전투용 식량 1형,
STR_KF_C246,"Contains five pouches: kimchi fried rice, white rice, meatballs, seasoned tofu and braised anchovies.","Contains five pouches: kimchi fried rice, white rice, meatballs, seasoned tofu and braised anchovies.","Contains five pouches: kimchi fried rice, white rice, meatballs, seasoned tofu and braised anchovies.","Enthält fünf Beutel: Kimchi-Bratreis, weißer Reis, Fleischbällchen, gewürzter Tofu und geschmorte Sardellen.","Содержит пять пакетов: жареный рис с кимчи, белый рис, фрикадельки, приправленный тофу и тушёные анчоусы.","Zawiera pięć saszetek: smażony ryż z kimchi, biały ryż, klopsiki, przyprawione tofu i duszone anchois.","Contains five pouches: kimchi fried rice, white rice, meatballs, seasoned tofu and braised anchovies.","Contains five pouches: kimchi fried rice, white rice, meatballs, seasoned tofu and braised anchovies.","Contains five pouches: kimchi fried rice, white rice, meatballs, seasoned tofu and braised anchovies.","Contains five pouches: kimchi fried rice, white rice, meatballs, seasoned tofu and braised anchovies.",內含泡菜炒飯、白飯、肉丸、調味豆腐、醬燒小魚乾共五袋。,キムチチャーハン、白飯、ミートボール、味付け豆腐、いりこの甘辛煮の5袋が入っています。,"Contém cinco sachês: arroz frito com kimchi, arroz branco, almôndegas, tofu temperado e anchovas cozidas.",内含泡菜炒饭、白米饭、肉丸、调味豆腐、酱炒小鱼干共五袋。,
STR_KF_C246_KO,"김치볶음밥, 흰밥, 고기완자, 양념두부, 멸치조림 다섯 봉지가 들어 있습니다.","김치볶음밥, 흰밥, 고기완자, 양념두부, 멸치조림 다섯 봉지가 들어 있습니다.","김치볶음밥, 흰밥, 고기완자, 양념두부, 멸치조림 다섯 봉지가 들어 있습니다.","김치볶음밥, 흰밥, 고기완자, 양념두부, 멸치조림 다섯 봉지가 들어 있습니다.","김치볶음밥, 흰밥, 고기완자, 양념두부, 멸치조림 다섯 봉지가 들어 있습니다.","김치볶음밥, 흰밥, 고기완자, 양념두부, 멸치조림 다섯 봉지가 들어 있습니다.","김치볶음밥, 흰밥, 고기완자, 양념두부, 멸치조림 다섯 봉지가 들어 있습니다.","김치볶음밥, 흰밥, 고기완자, 양념두부, 멸치조림 다섯 봉지가 들어 있습니다.","김치볶음밥, 흰밥, 고기완자, 양념두부, 멸치조림 다섯 봉지가 들어 있습니다.","김치볶음밥, 흰밥, 고기완자, 양념두부, 멸치조림 다섯 봉지가 들어 있습니다.","김치볶음밥, 흰밥, 고기완자, 양념두부, 멸치조림 다섯 봉지가 들어 있습니다.","김치볶음밥, 흰밥, 고기완자, 양념두부, 멸치조림 다섯 봉지가 들어 있습니다.","김치볶음밥, 흰밥, 고기완자, 양념두부, 멸치조림 다섯 봉지가 들어 있습니다.","김치볶음밥, 흰밥, 고기완자, 양념두부, 멸치조림 다섯 봉지가 들어 있습니다.",
STR_KF_C247,Combat Ration Type 1 (open box),Combat Ration Type 1 (open box),Combat Ration Type 1 (open box),Kampfration Typ 1 (offene Schachtel),"Боевой рацион, тип 1 (открытая коробка)",Racja bojowa typ 1 (otwarte pudełko),Combat Ration Type 1 (open box),Combat Ration Type 1 (open box),Combat Ration Type 1 (open box),Combat Ration Type 1 (open box),戰鬥口糧 1型 （已開箱）,戦闘糧食 1型 （開封した箱）,Ração de Combate Tipo 1 (caixa aberta),战斗口粮 1型 （已开箱）,
STR_KF_C247_KO,전투용 식량 1형 (열린 상자),전투용 식량 1형 (열린 상자),전투용 식량 1형 (열린 상자),전투용 식량 1형 (열린 상자),전투용 식량 1형 (열린 상자),전투용 식량 1형 (열린 상자),전투용 식량 1형 (열린 상자),전투용 식량 1형 (열린 상자),전투용 식량 1형 (열린 상자),전투용 식량 1형 (열린 상자),전투용 식량 1형 (열린 상자),전투용 식량 1형 (열린 상자),전투용 식량 1형 (열린 상자),전투용 식량 1형 (열린 상자),
STR_KF_C248,Combat Ration · Kimchi Fried Rice,Combat Ration · Kimchi Fried Rice,Combat Ration · Kimchi Fried Rice,Kampfration · Kimchi-Bratreis,Боевой рацион · Жареный рис с кимчи,Racja bojowa · Smażony ryż z kimchi,Combat Ration · Kimchi Fried Rice,Combat Ration · Kimchi Fried Rice,Combat Ration · Kimchi Fried Rice,Combat Ration · Kimchi Fried Rice,戰鬥口糧 · 泡菜炒飯,戦闘糧食 · キムチチャーハン,Ração de Combate · Arroz Frito com Kimchi,战斗口粮 · 泡菜炒饭,
STR_KF_C248_KO,전투식량 · 김치볶음밥,전투식량 · 김치볶음밥,전투식량 · 김치볶음밥,전투식량 · 김치볶음밥,전투식량 · 김치볶음밥,전투식량 · 김치볶음밥,전투식량 · 김치볶음밥,전투식량 · 김치볶음밥,전투식량 · 김치볶음밥,전투식량 · 김치볶음밥,전투식량 · 김치볶음밥,전투식량 · 김치볶음밥,전투식량 · 김치볶음밥,전투식량 · 김치볶음밥,
STR_KF_C249,An individually packed component. Nutrition values are set for game balance.,An individually packed component. Nutrition values are set for game balance.,An individually packed component. Nutrition values are set for game balance.,Eine einzeln verpackte Komponente. Nährwerte sind für die Spielbalance festgelegt.,Индивидуально упакованный компонент. Пищевая ценность подобрана для игрового баланса.,Indywidualnie pakowany składnik. Wartości odżywcze ustawiono dla balansu gry.,An individually packed component. Nutrition values are set for game balance.,An individually packed component. Nutrition values are set for game balance.,An individually packed component. Nutrition values are set for game balance.,An individually packed component. Nutrition values are set for game balance.,獨立包裝的配件。營養數值為遊戲平衡設定。,個別包装された構成品です。栄養値はゲームバランス用です。,Um componente embalado individualmente. Os valores nutricionais são definidos para o equilíbrio do jogo.,独立包装的组件。营养数值为游戏平衡设定。,
STR_KF_C249_KO,개별 포장된 구성품입니다. 영양 수치는 게임 균형용입니다.,개별 포장된 구성품입니다. 영양 수치는 게임 균형용입니다.,개별 포장된 구성품입니다. 영양 수치는 게임 균형용입니다.,개별 포장된 구성품입니다. 영양 수치는 게임 균형용입니다.,개별 포장된 구성품입니다. 영양 수치는 게임 균형용입니다.,개별 포장된 구성품입니다. 영양 수치는 게임 균형용입니다.,개별 포장된 구성품입니다. 영양 수치는 게임 균형용입니다.,개별 포장된 구성품입니다. 영양 수치는 게임 균형용입니다.,개별 포장된 구성품입니다. 영양 수치는 게임 균형용입니다.,개별 포장된 구성품입니다. 영양 수치는 게임 균형용입니다.,개별 포장된 구성품입니다. 영양 수치는 게임 균형용입니다.,개별 포장된 구성품입니다. 영양 수치는 게임 균형용입니다.,개별 포장된 구성품입니다. 영양 수치는 게임 균형용입니다.,개별 포장된 구성품입니다. 영양 수치는 게임 균형용입니다.,
STR_KF_C250,Combat Ration · Kimchi Fried Rice (opened),Combat Ration · Kimchi Fried Rice (opened),Combat Ration · Kimchi Fried Rice (opened),Kampfration · Kimchi-Bratreis (geöffnet),Боевой рацион · Жареный рис с кимчи (открыто),Racja bojowa · Smażony ryż z kimchi (otwarte),Combat Ration · Kimchi Fried Rice (opened),Combat Ration · Kimchi Fried Rice (opened),Combat Ration · Kimchi Fried Rice (opened),Combat Ration · Kimchi Fried Rice (opened),戰鬥口糧 · 泡菜炒飯 （已開封）,戦闘糧食 · キムチチャーハン （開封済み）,Ração de Combate · Arroz Frito com Kimchi (aberto),战斗口粮 · 泡菜炒饭 （已开封）,
STR_KF_C250_KO,전투식량 · 김치볶음밥 (개봉),전투식량 · 김치볶음밥 (개봉),전투식량 · 김치볶음밥 (개봉),전투식량 · 김치볶음밥 (개봉),전투식량 · 김치볶음밥 (개봉),전투식량 · 김치볶음밥 (개봉),전투식량 · 김치볶음밥 (개봉),전투식량 · 김치볶음밥 (개봉),전투식량 · 김치볶음밥 (개봉),전투식량 · 김치볶음밥 (개봉),전투식량 · 김치볶음밥 (개봉),전투식량 · 김치볶음밥 (개봉),전투식량 · 김치볶음밥 (개봉),전투식량 · 김치볶음밥 (개봉),
STR_KF_C251,Combat Ration · White Rice,Combat Ration · White Rice,Combat Ration · White Rice,Kampfration · Weißer Reis,Боевой рацион · Белый рис,Racja bojowa · Biały ryż,Combat Ration · White Rice,Combat Ration · White Rice,Combat Ration · White Rice,Combat Ration · White Rice,戰鬥口糧 · 白飯,戦闘糧食 · 白飯,Ração de Combate · Arroz Branco,战斗口粮 · 白米饭,
STR_KF_C251_KO,전투식량 · 흰밥,전투식량 · 흰밥,전투식량 · 흰밥,전투식량 · 흰밥,전투식량 · 흰밥,전투식량 · 흰밥,전투식량 · 흰밥,전투식량 · 흰밥,전투식량 · 흰밥,전투식량 · 흰밥,전투식량 · 흰밥,전투식량 · 흰밥,전투식량 · 흰밥,전투식량 · 흰밥,
STR_KF_C252,Combat Ration · White Rice (opened),Combat Ration · White Rice (opened),Combat Ration · White Rice (opened),Kampfration · Weißer Reis (geöffnet),Боевой рацион · Белый рис (открыто),Racja bojowa · Biały ryż (otwarte),Combat Ration · White Rice (opened),Combat Ration · White Rice (opened),Combat Ration · White Rice (opened),Combat Ration · White Rice (opened),戰鬥口糧 · 白飯 （已開封）,戦闘糧食 · 白飯 （開封済み）,Ração de Combate · Arroz Branco (aberto),战斗口粮 · 白米饭 （已开封）,
STR_KF_C252_KO,전투식량 · 흰밥 (개봉),전투식량 · 흰밥 (개봉),전투식량 · 흰밥 (개봉),전투식량 · 흰밥 (개봉),전투식량 · 흰밥 (개봉),전투식량 · 흰밥 (개봉),전투식량 · 흰밥 (개봉),전투식량 · 흰밥 (개봉),전투식량 · 흰밥 (개봉),전투식량 · 흰밥 (개봉),전투식량 · 흰밥 (개봉),전투식량 · 흰밥 (개봉),전투식량 · 흰밥 (개봉),전투식량 · 흰밥 (개봉),
STR_KF_C253,Combat Ration · Meatballs,Combat Ration · Meatballs,Combat Ration · Meatballs,Kampfration · Fleischbällchen,Боевой рацион · Фрикадельки,Racja bojowa · Klopsiki,Combat Ration · Meatballs,Combat Ration · Meatballs,Combat Ration · Meatballs,Combat Ration · Meatballs,戰鬥口糧 · 肉丸,戦闘糧食 · ミートボール,Ração de Combate · Almôndegas,战斗口粮 · 肉丸,
STR_KF_C253_KO,전투식량 · 고기완자,전투식량 · 고기완자,전투식량 · 고기완자,전투식량 · 고기완자,전투식량 · 고기완자,전투식량 · 고기완자,전투식량 · 고기완자,전투식량 · 고기완자,전투식량 · 고기완자,전투식량 · 고기완자,전투식량 · 고기완자,전투식량 · 고기완자,전투식량 · 고기완자,전투식량 · 고기완자,
STR_KF_C254,Combat Ration · Meatballs (opened),Combat Ration · Meatballs (opened),Combat Ration · Meatballs (opened),Kampfration · Fleischbällchen (geöffnet),Боевой рацион · Фрикадельки (открыто),Racja bojowa · Klopsiki (otwarte),Combat Ration · Meatballs (opened),Combat Ration · Meatballs (opened),Combat Ration · Meatballs (opened),Combat Ration · Meatballs (opened),戰鬥口糧 · 肉丸 （已開封）,戦闘糧食 · ミートボール （開封済み）,Ração de Combate · Almôndegas (abertas),战斗口粮 · 肉丸 （已开封）,
STR_KF_C254_KO,전투식량 · 고기완자 (개봉),전투식량 · 고기완자 (개봉),전투식량 · 고기완자 (개봉),전투식량 · 고기완자 (개봉),전투식량 · 고기완자 (개봉),전투식량 · 고기완자 (개봉),전투식량 · 고기완자 (개봉),전투식량 · 고기완자 (개봉),전투식량 · 고기완자 (개봉),전투식량 · 고기완자 (개봉),전투식량 · 고기완자 (개봉),전투식량 · 고기완자 (개봉),전투식량 · 고기완자 (개봉),전투식량 · 고기완자 (개봉),
STR_KF_C255,Combat Ration · Seasoned Tofu,Combat Ration · Seasoned Tofu,Combat Ration · Seasoned Tofu,Kampfration · Gewürzter Tofu,Боевой рацион · Приправленный тофу,Racja bojowa · Przyprawione tofu,Combat Ration · Seasoned Tofu,Combat Ration · Seasoned Tofu,Combat Ration · Seasoned Tofu,Combat Ration · Seasoned Tofu,戰鬥口糧 · 調味豆腐,戦闘糧食 · 味付け豆腐,Ração de Combate · Tofu Temperado,战斗口粮 · 调味豆腐,
STR_KF_C255_KO,전투식량 · 양념두부,전투식량 · 양념두부,전투식량 · 양념두부,전투식량 · 양념두부,전투식량 · 양념두부,전투식량 · 양념두부,전투식량 · 양념두부,전투식량 · 양념두부,전투식량 · 양념두부,전투식량 · 양념두부,전투식량 · 양념두부,전투식량 · 양념두부,전투식량 · 양념두부,전투식량 · 양념두부,
STR_KF_C256,Combat Ration · Seasoned Tofu (opened),Combat Ration · Seasoned Tofu (opened),Combat Ration · Seasoned Tofu (opened),Kampfration · Gewürzter Tofu (geöffnet),Боевой рацион · Приправленный тофу (открыто),Racja bojowa · Przyprawione tofu (otwarte),Combat Ration · Seasoned Tofu (opened),Combat Ration · Seasoned Tofu (opened),Combat Ration · Seasoned Tofu (opened),Combat Ration · Seasoned Tofu (opened),戰鬥口糧 · 調味豆腐 （已開封）,戦闘糧食 · 味付け豆腐 （開封済み）,Ração de Combate · Tofu Temperado (aberto),战斗口粮 · 调味豆腐 （已开封）,
STR_KF_C256_KO,전투식량 · 양념두부 (개봉),전투식량 · 양념두부 (개봉),전투식량 · 양념두부 (개봉),전투식량 · 양념두부 (개봉),전투식량 · 양념두부 (개봉),전투식량 · 양념두부 (개봉),전투식량 · 양념두부 (개봉),전투식량 · 양념두부 (개봉),전투식량 · 양념두부 (개봉),전투식량 · 양념두부 (개봉),전투식량 · 양념두부 (개봉),전투식량 · 양념두부 (개봉),전투식량 · 양념두부 (개봉),전투식량 · 양념두부 (개봉),
STR_KF_C257,Combat Ration · Braised Anchovies,Combat Ration · Braised Anchovies,Combat Ration · Braised Anchovies,Kampfration · Geschmorte Sardellen,Боевой рацион · Тушёные анчоусы,Racja bojowa · Duszone anchois,Combat Ration · Braised Anchovies,Combat Ration · Braised Anchovies,Combat Ration · Braised Anchovies,Combat Ration · Braised Anchovies,戰鬥口糧 · 醬燒小魚乾,戦闘糧食 · いりこの甘辛煮,Ração de Combate · Anchovas Cozidas,战斗口粮 · 酱炒小鱼干,
STR_KF_C257_KO,전투식량 · 멸치조림,전투식량 · 멸치조림,전투식량 · 멸치조림,전투식량 · 멸치조림,전투식량 · 멸치조림,전투식량 · 멸치조림,전투식량 · 멸치조림,전투식량 · 멸치조림,전투식량 · 멸치조림,전투식량 · 멸치조림,전투식량 · 멸치조림,전투식량 · 멸치조림,전투식량 · 멸치조림,전투식량 · 멸치조림,
STR_KF_C258,Combat Ration · Braised Anchovies (opened),Combat Ration · Braised Anchovies (opened),Combat Ration · Braised Anchovies (opened),Kampfration · Geschmorte Sardellen (geöffnet),Боевой рацион · Тушёные анчоусы (открыто),Racja bojowa · Duszone anchois (otwarte),Combat Ration · Braised Anchovies (opened),Combat Ration · Braised Anchovies (opened),Combat Ration · Braised Anchovies (opened),Combat Ration · Braised Anchovies (opened),戰鬥口糧 · 醬燒小魚乾 （已開封）,戦闘糧食 · いりこの甘辛煮 （開封済み）,Ração de Combate · Anchovas Cozidas (abertas),战斗口粮 · 酱炒小鱼干 （已开封）,
STR_KF_C258_KO,전투식량 · 멸치조림 (개봉),전투식량 · 멸치조림 (개봉),전투식량 · 멸치조림 (개봉),전투식량 · 멸치조림 (개봉),전투식량 · 멸치조림 (개봉),전투식량 · 멸치조림 (개봉),전투식량 · 멸치조림 (개봉),전투식량 · 멸치조림 (개봉),전투식량 · 멸치조림 (개봉),전투식량 · 멸치조림 (개봉),전투식량 · 멸치조림 (개봉),전투식량 · 멸치조림 (개봉),전투식량 · 멸치조림 (개봉),전투식량 · 멸치조림 (개봉),
STR_KF_A_FILL_NOODLE,Fill with hot water to soften noodles,Fill with hot water to soften noodles,Fill with hot water to soften noodles,Mit heißem Wasser befüllen,Набрать кипятка для лапши,Nalej wrzątku do makaronu,Fill with hot water to soften noodles,Fill with hot water to soften noodles,Fill with hot water to soften noodles,Fill with hot water to soften noodles,接熱水泡麵,お湯を入れて麺を戻す,Encher com água quente,接热水泡面,
STR_KF_A_FILL_NOODLE_KO,뜨거운 물 받아 라면 불리기,뜨거운 물 받아 라면 불리기,뜨거운 물 받아 라면 불리기,뜨거운 물 받아 라면 불리기,뜨거운 물 받아 라면 불리기,뜨거운 물 받아 라면 불리기,뜨거운 물 받아 라면 불리기,뜨거운 물 받아 라면 불리기,뜨거운 물 받아 라면 불리기,뜨거운 물 받아 라면 불리기,뜨거운 물 받아 라면 불리기,뜨거운 물 받아 라면 불리기,뜨거운 물 받아 라면 불리기,뜨거운 물 받아 라면 불리기,
STR_KF_A_POUR_NOODLE,Pour hot water on noodles,Pour hot water on noodles,Pour hot water on noodles,Heißes Wasser auf Nudeln gießen,Залить лапшу кипятком,Zalej makaron wrzątkiem,Pour hot water on noodles,Pour hot water on noodles,Pour hot water on noodles,Pour hot water on noodles,倒熱水泡麵,麺にお湯を注ぐ,Despejar água quente no macarrão,倒热水泡面,
STR_KF_A_POUR_NOODLE_KO,라면에 뜨거운 물 붓기,라면에 뜨거운 물 붓기,라면에 뜨거운 물 붓기,라면에 뜨거운 물 붓기,라면에 뜨거운 물 붓기,라면에 뜨거운 물 붓기,라면에 뜨거운 물 붓기,라면에 뜨거운 물 붓기,라면에 뜨거운 물 붓기,라면에 뜨거운 물 붓기,라면에 뜨거운 물 붓기,라면에 뜨거운 물 붓기,라면에 뜨거운 물 붓기,라면에 뜨거운 물 붓기,
STR_KF_A_EAT_DRY,Crush and eat dry noodles,Crush and eat dry noodles,Crush and eat dry noodles,Trockene Nudeln zerbröseln und essen,Разломать и съесть сухую лапшу,Pokrusz i zjedz suchy makaron,Crush and eat dry noodles,Crush and eat dry noodles,Crush and eat dry noodles,Crush and eat dry noodles,捏碎生麵吃,生麺を砕いて食べる,Esmigalhar e comer seco,捏碎生面吃,
STR_KF_A_EAT_DRY_KO,생라면 부숴 먹기,생라면 부숴 먹기,생라면 부숴 먹기,생라면 부숴 먹기,생라면 부숴 먹기,생라면 부숴 먹기,생라면 부숴 먹기,생라면 부숴 먹기,생라면 부숴 먹기,생라면 부숴 먹기,생라면 부숴 먹기,생라면 부숴 먹기,생라면 부숴 먹기,생라면 부숴 먹기,
STR_KF_A_EAT_CHOPSTICKS,Eat noodles with chopsticks,Eat noodles with chopsticks,Eat noodles with chopsticks,Nudeln mit Stäbchen essen,Есть лапшу палочками,Jedz makaron pałeczkami,Eat noodles with chopsticks,Eat noodles with chopsticks,Eat noodles with chopsticks,Eat noodles with chopsticks,用筷子吃麵,箸で麺を食べる,Comer macarrão com hashis,用筷子吃面,
STR_KF_A_EAT_CHOPSTICKS_KO,젓가락으로 라면 먹기,젓가락으로 라면 먹기,젓가락으로 라면 먹기,젓가락으로 라면 먹기,젓가락으로 라면 먹기,젓가락으로 라면 먹기,젓가락으로 라면 먹기,젓가락으로 라면 먹기,젓가락으로 라면 먹기,젓가락으로 라면 먹기,젓가락으로 라면 먹기,젓가락으로 라면 먹기,젓가락으로 라면 먹기,젓가락으로 라면 먹기,
STR_KF_A_OPEN_RATION,Open combat ration box,Open combat ration box,Open combat ration box,Rationsschachtel öffnen,Открыть коробку боевого рациона,Otwórz pudełko racji bojowej,Open combat ration box,Open combat ration box,Open combat ration box,Open combat ration box,打開戰鬥口糧箱,戦闘糧食の箱を開ける,Abrir caixa de ração,打开战斗口粮箱,
STR_KF_A_OPEN_RATION_KO,전투식량 상자 개봉,전투식량 상자 개봉,전투식량 상자 개봉,전투식량 상자 개봉,전투식량 상자 개봉,전투식량 상자 개봉,전투식량 상자 개봉,전투식량 상자 개봉,전투식량 상자 개봉,전투식량 상자 개봉,전투식량 상자 개봉,전투식량 상자 개봉,전투식량 상자 개봉,전투식량 상자 개봉,
STR_KF_A_OPEN,Open package,Open package,Open package,Verpackung öffnen,Открыть упаковку,Otwórz opakowanie,Open package,Open package,Open package,Open package,打開包裝,包装を開ける,Abrir embalagem,打开包装,
STR_KF_A_OPEN_KO,포장 열기,포장 열기,포장 열기,포장 열기,포장 열기,포장 열기,포장 열기,포장 열기,포장 열기,포장 열기,포장 열기,포장 열기,포장 열기,포장 열기,
STR_KF_A_FILL_WATER,Fill with water to prepare food,Fill with water to prepare food,Fill with water to prepare food,Wasser zum Zubereiten einfüllen,Набрать воды для приготовления,"Nalej wody, aby przygotować jedzenie",Fill with water to prepare food,Fill with water to prepare food,Fill with water to prepare food,Fill with water to prepare food,接水準備食物,水を入れて調理する,Encher com água para preparar,接水准备食物,
STR_KF_A_FILL_WATER_KO,물 받아 음식 준비하기,물 받아 음식 준비하기,물 받아 음식 준비하기,물 받아 음식 준비하기,물 받아 음식 준비하기,물 받아 음식 준비하기,물 받아 음식 준비하기,물 받아 음식 준비하기,물 받아 음식 준비하기,물 받아 음식 준비하기,물 받아 음식 준비하기,물 받아 음식 준비하기,물 받아 음식 준비하기,물 받아 음식 준비하기,
STR_KF_R_SOAK_NOODLE,Add hot water and soften noodles,Add hot water and soften noodles,Add hot water and soften noodles,Heißes Wasser aufgießen und Nudeln einweichen,Залить кипятком и запарить лапшу,Zalej wrzątkiem i namocz makaron,Add hot water and soften noodles,Add hot water and soften noodles,Add hot water and soften noodles,Add hot water and soften noodles,倒入熱水泡麵,お湯を注いで麺を戻す,Adicionar água quente e amolecer macarrão,倒入热水泡面,
STR_KF_R_SOAK_NOODLE_KO,뜨거운 물 붓고 라면 불리기,뜨거운 물 붓고 라면 불리기,뜨거운 물 붓고 라면 불리기,뜨거운 물 붓고 라면 불리기,뜨거운 물 붓고 라면 불리기,뜨거운 물 붓고 라면 불리기,뜨거운 물 붓고 라면 불리기,뜨거운 물 붓고 라면 불리기,뜨거운 물 붓고 라면 불리기,뜨거운 물 붓고 라면 불리기,뜨거운 물 붓고 라면 불리기,뜨거운 물 붓고 라면 불리기,뜨거운 물 붓고 라면 불리기,뜨거운 물 붓고 라면 불리기,
STR_KF_R_CHOPSTICKS,Carve wooden chopsticks,Carve wooden chopsticks,Carve wooden chopsticks,Holz-Essstäbchen schnitzen,Вырезать деревянные палочки,Wystrugaj drewniane pałeczki,Carve wooden chopsticks,Carve wooden chopsticks,Carve wooden chopsticks,Carve wooden chopsticks,削製木筷,木の箸を削る,Entalhar hashis de madeira,削制木筷,
STR_KF_R_CHOPSTICKS_KO,나무젓가락 깎기,나무젓가락 깎기,나무젓가락 깎기,나무젓가락 깎기,나무젓가락 깎기,나무젓가락 깎기,나무젓가락 깎기,나무젓가락 깎기,나무젓가락 깎기,나무젓가락 깎기,나무젓가락 깎기,나무젓가락 깎기,나무젓가락 깎기,나무젓가락 깎기,
STR_KF_R_PAPERCUP,Fold paper cup (2 paper),Fold paper cup (2 paper),Fold paper cup (2 paper),Pappbecher falten (2 Papier),Сложить бумажный стакан (2 листа бумаги),Złóż papierowy kubek (2 kartki papieru),Fold paper cup (2 paper),Fold paper cup (2 paper),Fold paper cup (2 paper),Fold paper cup (2 paper),摺紙杯 （2張紙）,紙コップを折る （紙2枚）,Dobrar copo de papel (2 papéis),折纸杯 （2张纸）,
STR_KF_R_PAPERCUP_KO,종이컵 접기 (종이 2장),종이컵 접기 (종이 2장),종이컵 접기 (종이 2장),종이컵 접기 (종이 2장),종이컵 접기 (종이 2장),종이컵 접기 (종이 2장),종이컵 접기 (종이 2장),종이컵 접기 (종이 2장),종이컵 접기 (종이 2장),종이컵 접기 (종이 2장),종이컵 접기 (종이 2장),종이컵 접기 (종이 2장),종이컵 접기 (종이 2장),종이컵 접기 (종이 2장),
STR_KF_R_ADD_WATER,Add water to prepare food,Add water to prepare food,Add water to prepare food,Wasser hinzufügen und zubereiten,Добавить воду для приготовления,"Dodaj wodę, aby przygotować jedzenie",Add water to prepare food,Add water to prepare food,Add water to prepare food,Add water to prepare food,加水準備食物,水を加えて調理する,Adicionar água para preparar comida,加水准备食物,
STR_KF_R_ADD_WATER_KO,물 넣어 음식 준비하기,물 넣어 음식 준비하기,물 넣어 음식 준비하기,물 넣어 음식 준비하기,물 넣어 음식 준비하기,물 넣어 음식 준비하기,물 넣어 음식 준비하기,물 넣어 음식 준비하기,물 넣어 음식 준비하기,물 넣어 음식 준비하기,물 넣어 음식 준비하기,물 넣어 음식 준비하기,물 넣어 음식 준비하기,물 넣어 음식 준비하기,
STR_KF_R_DOSE,Put one serving in a paper cup,Put one serving in a paper cup,Put one serving in a paper cup,Eine Portion in Pappbecher füllen,Насыпать порцию в бумажный стакан,Wsyp porcję do papierowego kubka,Put one serving in a paper cup,Put one serving in a paper cup,Put one serving in a paper cup,Put one serving in a paper cup,將一份裝入紙杯,紙コップに1回分入れる,Colocar uma dose no copo de papel,将一份装入纸杯,
STR_KF_R_DOSE_KO,종이컵에 1회분 담기,종이컵에 1회분 담기,종이컵에 1회분 담기,종이컵에 1회분 담기,종이컵에 1회분 담기,종이컵에 1회분 담기,종이컵에 1회분 담기,종이컵에 1회분 담기,종이컵에 1회분 담기,종이컵에 1회분 담기,종이컵에 1회분 담기,종이컵에 1회분 담기,종이컵에 1회분 담기,종이컵에 1회분 담기,
STR_KF_S_READY," (ready)"," (ready)"," (ready)"," (fertig)"," (готово)"," (gotowe)"," (ready)"," (ready)"," (ready)"," (ready)"," （完成）"," （完成）"," (pronto)"," （完成）",
STR_KF_S_READY_KO," (완성)"," (완성)"," (완성)"," (완성)"," (완성)"," (완성)"," (완성)"," (완성)"," (완성)"," (완성)"," (완성)"," (완성)"," (완성)"," (완성)",
STR_KF_S_SOAKING," (softening)"," (softening)"," (softening)"," (weicht ein)"," (запаривается)"," (mięknie)"," (softening)"," (softening)"," (softening)"," (softening)"," （泡製中）"," （戻し中）"," (amolecendo)"," （浸泡中）",
STR_KF_S_SOAKING_KO," (불리는 중)"," (불리는 중)"," (불리는 중)"," (불리는 중)"," (불리는 중)"," (불리는 중)"," (불리는 중)"," (불리는 중)"," (불리는 중)"," (불리는 중)"," (불리는 중)"," (불리는 중)"," (불리는 중)"," (불리는 중)",
STR_KF_S_STEEPING," (steeping)"," (steeping)"," (steeping)"," (zieht)"," (заваривается)"," (parzy się)"," (steeping)"," (steeping)"," (steeping)"," (steeping)"," （沖泡中）"," （抽出中）"," (em infusão)"," （冲泡中）",
STR_KF_S_STEEPING_KO," (우리는 중)"," (우리는 중)"," (우리는 중)"," (우리는 중)"," (우리는 중)"," (우리는 중)"," (우리는 중)"," (우리는 중)"," (우리는 중)"," (우리는 중)"," (우리는 중)"," (우리는 중)"," (우리는 중)"," (우리는 중)",
STR_KF_S_DRAIN," (drain water)"," (drain water)"," (drain water)"," (abgießen)"," (слить воду)"," (odcedź wodę)"," (drain water)"," (drain water)"," (drain water)"," (drain water)"," （需瀝水）"," （要湯切り）"," (escorrer água)"," （需沥水）",
STR_KF_S_DRAIN_KO," (물 빼기 필요)"," (물 빼기 필요)"," (물 빼기 필요)"," (물 빼기 필요)"," (물 빼기 필요)"," (물 빼기 필요)"," (물 빼기 필요)"," (물 빼기 필요)"," (물 빼기 필요)"," (물 빼기 필요)"," (물 빼기 필요)"," (물 빼기 필요)"," (물 빼기 필요)"," (물 빼기 필요)",
STR_KF_N_PALDOBIBIM,Paldo Bibim Men,Paldo Bibim Men,Paldo Bibim Men,Paldo Bibim Men,Пальдо Бибим Мён,Paldo Bibim Men,Paldo Bibim Men,Paldo Bibim Men,Paldo Bibim Men,Paldo Bibim Men,八道拌麵,パルドビビン麺,Paldo Bibim Men,八道拌面,
STR_KF_N_PALDOBIBIM_KO,팔도비빔면,팔도비빔면,팔도비빔면,팔도비빔면,팔도비빔면,팔도비빔면,팔도비빔면,팔도비빔면,팔도비빔면,팔도비빔면,팔도비빔면,팔도비빔면,팔도비빔면,팔도비빔면,
